samples,features,classes,clusters,seed,population_size,point,class,target,model,min_fitness,mean_fitness,fitness_std,max_fitness,accuracy
10,32,2,1,1,2000,0,1,0,RandomForestClassifier,-6.439169498474956,-6.098387338546561,0.1936390039750661,-5.733733221948738,1.0
10,32,2,1,1,2000,0,1,1,RandomForestClassifier,-1.4393099239433496,-0.7960667643295202,0.406654897280216,-0.04312619813384577,1.0
10,32,2,1,1,2000,1,0,0,RandomForestClassifier,-1.062056136756232,-0.6698345681087144,0.2349609235315001,-0.12020476550611447,1.0
10,32,2,1,1,2000,1,0,1,RandomForestClassifier,-7.118191546872508,-6.7126479856857735,0.26520353531001406,-6.209240395716082,1.0
10,32,2,1,1,2000,2,0,0,RandomForestClassifier,-1.2561620812626562,-0.7579759652157572,0.35372797335918355,-0.006067973501674151,1.0
10,32,2,1,1,2000,2,0,1,RandomForestClassifier,-5.037986580008233,-4.666474706020598,0.2398990701704955,-4.15005757841145,1.0
10,32,2,1,1,2000,3,0,0,RandomForestClassifier,-1.0563418636902746,-0.6727825275119824,0.2664613013600839,-0.025040851230476946,1.0
10,32,2,1,1,2000,3,0,1,RandomForestClassifier,-6.290805753104346,-5.787718129889282,0.3013617435814589,-5.1371306634228535,1.0
10,32,2,1,1,2000,4,1,0,RandomForestClassifier,-6.057601446408773,-5.705637418610677,0.2495141484337754,-5.221852952607221,1.0
10,32,2,1,1,2000,4,1,1,RandomForestClassifier,-1.2167472931504433,-0.606501148548312,0.3379522405773198,-0.0013917706800186114,1.0
10,32,2,1,1,2000,5,0,0,RandomForestClassifier,-1.5671403399725468,-0.9004160102974413,0.4125369023092017,-0.018867313953235154,1.0
10,32,2,1,1,2000,5,0,1,RandomForestClassifier,-3.3918140670641344,-2.7903650431804796,0.3049241776862673,-2.2512482689232485,1.0
10,32,2,1,1,2000,6,1,0,RandomForestClassifier,-9.624377507445793,-9.28115274770018,0.21420579409104168,-8.91800864675662,1.0
10,32,2,1,1,2000,6,1,1,RandomForestClassifier,-1.5649855882824828,-0.9126131237016772,0.4691435315427777,-0.01734328584040279,1.0
10,32,2,1,1,2000,7,0,0,RandomForestClassifier,-1.2267944281036083,-0.7896452425495712,0.31719474064303677,-0.025369060790665365,1.0
10,32,2,1,1,2000,7,0,1,RandomForestClassifier,-4.702784941774349,-4.47138865590741,0.13043891898062873,-4.205234169416645,1.0
10,32,2,1,1,2000,8,1,0,RandomForestClassifier,-5.770104212434619,-4.580642767353998,0.8660255654017834,-3.01421485387061,1.0
10,32,2,1,1,2000,8,1,1,RandomForestClassifier,-1.4063727486097373,-0.8505236368780856,0.36952250412711496,-0.021199455559925973,1.0
10,32,2,1,1,2000,9,1,0,RandomForestClassifier,-2.3028912868476996,-1.4680074691903322,0.49557936376773665,-0.5155021717014756,1.0
10,32,2,1,1,2000,9,1,1,RandomForestClassifier,-0.6320799208688602,-0.413945850110483,0.15919211383095774,-0.006675883992870668,1.0
10,4,2,1,1,2000,0,0,0,RandomForestClassifier,-0.028533857029001436,-0.014103221320897813,0.008320191786357716,-4.179560654271608e-05,1.0
10,4,2,1,1,2000,0,0,1,RandomForestClassifier,-2.064602812305241,-2.0350957323127217,0.018790578262986274,-2.0059340427766528,1.0
10,4,2,1,1,2000,1,0,0,RandomForestClassifier,-0.04678276971298579,-0.02520642094649459,0.013183199680529245,-5.3452976570611543e-05,1.0
10,4,2,1,1,2000,1,0,1,RandomForestClassifier,-0.27394161090710056,-0.26663738064057596,0.003042715632462595,-0.2594086758594887,1.0
10,4,2,1,1,2000,2,1,0,RandomForestClassifier,-0.473663467083837,-0.4679772419571496,0.004370602195523918,-0.4516748448325949,1.0
10,4,2,1,1,2000,2,1,1,RandomForestClassifier,-0.04509021818192824,-0.022183179397677364,0.012921932856569927,-0.00025476759386178216,1.0
10,4,2,1,1,2000,3,0,0,RandomForestClassifier,-0.045511337990702096,-0.024043453806349667,0.013036290407867584,-0.0009669279018982291,1.0
10,4,2,1,1,2000,3,0,1,RandomForestClassifier,-0.11803406311859183,-0.09836961254327393,0.010016066767217722,-0.08575594720999041,1.0
10,4,2,1,1,2000,4,0,0,RandomForestClassifier,-0.0387210202992429,-0.021224332481440428,0.010975276222601589,-2.984200742794929e-05,1.0
10,4,2,1,1,2000,4,0,1,RandomForestClassifier,-1.351163599644773,-1.330894151462037,0.009329423724174207,-1.3130914319965123,1.0
10,4,2,1,1,2000,5,1,0,RandomForestClassifier,-0.716046485014263,-0.7032443048129089,0.007162728503397815,-0.6932745500982114,1.0
10,4,2,1,1,2000,5,1,1,RandomForestClassifier,-0.04554393187886633,-0.023028781750134505,0.013279012029652726,-0.000570644029990186,1.0
10,4,2,1,1,2000,6,0,0,RandomForestClassifier,-0.054072935955143356,-0.028845935182513428,0.015660450436569877,-0.0003067392316405404,1.0
10,4,2,1,1,2000,6,0,1,RandomForestClassifier,-4.253854493367121,-4.2523947419100105,0.0010783434356776065,-4.247893407194438,1.0
10,4,2,1,1,2000,7,0,0,RandomForestClassifier,-0.03113250404598343,-0.015725351707931295,0.009243033799369974,-0.0005253880451748516,1.0
10,4,2,1,1,2000,7,0,1,RandomForestClassifier,-1.0861781134247939,-1.0760377466713416,0.004308567624739712,-1.0690516395705019,1.0
10,4,2,1,1,2000,8,0,0,RandomForestClassifier,-0.036647269763097366,-0.018679647352946138,0.010792443663254173,-0.0005893028147986729,1.0
10,4,2,1,1,2000,8,0,1,RandomForestClassifier,-2.126469352246202,-2.1217846989382827,0.004232498699749597,-2.113436047127187,1.0
10,4,2,1,1,2000,9,0,0,RandomForestClassifier,-0.03256467028338217,-0.016312905612117692,0.009393712627762127,-0.0006230266520614869,1.0
10,4,2,1,1,2000,9,0,1,RandomForestClassifier,-2.4818815420495364,-2.4813356945705562,0.00026768831138478496,-2.4810399641849235,1.0
10,8,2,1,1,2000,0,1,0,RandomForestClassifier,-1.3300313654325249,-1.2828428491301889,0.031065133670857507,-1.2171926965603723,1.0
10,8,2,1,1,2000,0,1,1,RandomForestClassifier,-0.13512089978740824,-0.0684794353454963,0.037344188698653163,-0.004452778948992098,1.0
10,8,2,1,1,2000,1,1,0,RandomForestClassifier,-2.103373297933026,-2.0231773803147717,0.048170438586185575,-1.9498273416949898,1.0
10,8,2,1,1,2000,1,1,1,RandomForestClassifier,-0.17353175716298905,-0.09924425027493079,0.04700767709043075,-0.0009452829701968035,1.0
10,8,2,1,1,2000,2,1,0,RandomForestClassifier,-2.164208515589776,-2.1442966858009265,0.012499504856285305,-2.114607511112896,1.0
10,8,2,1,1,2000,2,1,1,RandomForestClassifier,-0.09879812338373595,-0.05801807138530021,0.027238792151687903,-0.0040552756190010975,1.0
10,8,2,1,1,2000,3,1,0,RandomForestClassifier,-3.6641941439719363,-3.631501490921428,0.01658359046669233,-3.584486763150715,1.0
10,8,2,1,1,2000,3,1,1,RandomForestClassifier,-0.14752332407940255,-0.07457367791607962,0.0427840069538098,-0.00020421738753806373,1.0
10,8,2,1,1,2000,4,1,0,RandomForestClassifier,-1.538126152925802,-1.4693688573242938,0.038571093550856604,-1.400847272165551,1.0
10,8,2,1,1,2000,4,1,1,RandomForestClassifier,-0.1007547336774012,-0.06018741600552696,0.028835145729271684,-0.001447316037555657,1.0
10,8,2,1,1,2000,5,0,0,RandomForestClassifier,-0.2180035586438626,-0.1122308753192831,0.06619809643615339,-0.0024562652720629963,1.0
10,8,2,1,1,2000,5,0,1,RandomForestClassifier,-2.599866317670186,-2.5385932493566945,0.03694826818266504,-2.4549780313731877,1.0
10,8,2,1,1,2000,6,0,0,RandomForestClassifier,-0.1150788811107782,-0.062000688655902095,0.03155503865481539,-0.005682343083365182,1.0
10,8,2,1,1,2000,6,0,1,RandomForestClassifier,-2.2668087882762626,-2.1697401451129097,0.06688270239521911,-2.026988374871688,1.0
10,8,2,1,1,2000,7,1,0,RandomForestClassifier,-1.493849859853381,-1.4353154691699774,0.034559414132289794,-1.3646889087145007,1.0
10,8,2,1,1,2000,7,1,1,RandomForestClassifier,-0.11022574663987393,-0.061935632431131295,0.0322314957227622,-0.00013352403645883193,1.0
10,8,2,1,1,2000,8,1,0,RandomForestClassifier,-0.7736265736002458,-0.7326193230372466,0.02332615040068975,-0.6978020375284915,1.0
10,8,2,1,1,2000,8,1,1,RandomForestClassifier,-0.12133888145638812,-0.07108863571726812,0.030185114849868598,-0.001670042115028303,1.0
10,8,2,1,1,2000,9,1,0,RandomForestClassifier,-1.4093208778483322,-1.3605908027995697,0.027370301621870173,-1.3191917625682126,1.0
10,8,2,1,1,2000,9,1,1,RandomForestClassifier,-0.13776043094568802,-0.07527022800548339,0.03922045810015936,-0.009473723225726705,1.0
10,64,2,1,0,2000,0,1,0,RandomForestClassifier,-5.304102603647735,-3.9023076003850674,0.9682342096458475,-1.9949638041380628,1.0
10,64,2,1,0,2000,0,1,1,RandomForestClassifier,-3.113088324436866,-1.8221387274897884,0.7843702576589249,-0.03185767406016693,1.0
10,64,2,1,0,2000,1,1,0,RandomForestClassifier,-8.870605576731576,-6.959323980598976,1.6988228959286689,-3.443759775138897,1.0
10,64,2,1,0,2000,1,1,1,RandomForestClassifier,-3.579467226632158,-1.9484803391629975,0.9614890497846438,-0.057152600938959575,1.0
10,64,2,1,0,2000,2,1,0,RandomForestClassifier,-5.543166375772346,-3.6712670902636853,1.2634514803946275,-0.9581995658512532,1.0
10,64,2,1,0,2000,2,1,1,RandomForestClassifier,-5.321161050749465,-2.937776065538711,1.475557060369935,-0.16428031742137383,1.0
10,64,2,1,0,2000,3,0,0,RandomForestClassifier,-2.63730182786,-1.4351565232843024,0.803172590556504,-0.023185642278012786,1.0
10,64,2,1,0,2000,3,0,1,RandomForestClassifier,-5.893939628052212,-3.7563008205111164,1.3748576219886652,-1.0585798538233564,1.0
10,64,2,1,0,2000,4,1,0,RandomForestClassifier,-14.884553358280334,-13.964427609733134,0.983044040029256,-10.838295007918065,1.0
10,64,2,1,0,2000,4,1,1,RandomForestClassifier,-3.824851817487976,-2.268199398763211,1.043325621577594,-0.00791092466003196,1.0
10,64,2,1,0,2000,5,0,0,RandomForestClassifier,-2.80040541331915,-1.555423801485767,0.7146989743786826,-0.0771319198552729,1.0
10,64,2,1,0,2000,5,0,1,RandomForestClassifier,-13.933808544229361,-11.585013188165718,1.7789099980124374,-8.21886115740449,1.0
10,64,2,1,0,2000,6,1,0,RandomForestClassifier,-16.89327638678289,-16.16228706694708,0.482287626760466,-15.247316918945437,1.0
10,64,2,1,0,2000,6,1,1,RandomForestClassifier,-3.8719527623261443,-2.0270810953500855,1.1280804942261617,-0.03587313388249669,1.0
10,64,2,1,0,2000,7,1,0,RandomForestClassifier,-13.804639439376304,-11.754792260598364,1.4659964662255622,-8.677862757836586,1.0
10,64,2,1,0,2000,7,1,1,RandomForestClassifier,-3.0298408638090195,-1.7861885984383337,0.7796432508991097,-0.015269662783079951,1.0
10,64,2,1,0,2000,8,1,0,RandomForestClassifier,-11.438639143100534,-9.697208462277706,1.320744333086064,-6.544433442761288,1.0
10,64,2,1,0,2000,8,1,1,RandomForestClassifier,-2.574199256121473,-1.412286135886892,0.7837988355824668,-0.07025395756202979,1.0
10,64,2,1,0,2000,9,0,0,RandomForestClassifier,-3.0786680092178234,-1.6326061905478562,0.8450132560521395,-0.007835993254723839,1.0
10,64,2,1,0,2000,9,0,1,RandomForestClassifier,-15.537969315102849,-14.711295715032543,0.5712579489190316,-13.641906869111192,1.0
10,4,2,1,0,2000,0,0,0,RandomForestClassifier,-0.035411921880187255,-0.01756071302898424,0.010196218876511091,-0.00010263654062914185,1.0
10,4,2,1,0,2000,0,0,1,RandomForestClassifier,-1.3988570423180937,-1.3177508658673782,0.04258569362097015,-1.2729717697789524,1.0
10,4,2,1,0,2000,1,1,0,RandomForestClassifier,-1.7663275087744457,-1.701058873891666,0.041794866113865015,-1.641645225106259,1.0
10,4,2,1,0,2000,1,1,1,RandomForestClassifier,-0.03444612860207894,-0.018373712747818637,0.009437419100880804,-0.00034459495622152225,1.0
10,4,2,1,0,2000,2,1,0,RandomForestClassifier,-1.4903525227324128,-1.4783446846683923,0.007237875578888429,-1.4672687826589677,1.0
10,4,2,1,0,2000,2,1,1,RandomForestClassifier,-0.039344121299574174,-0.02003174423241757,0.010925566147992094,-0.0004812657043697932,1.0
10,4,2,1,0,2000,3,0,0,RandomForestClassifier,-0.03200774976238004,-0.016557592252784085,0.008633999278988542,-0.00024264802827755894,1.0
10,4,2,1,0,2000,3,0,1,RandomForestClassifier,-1.703918903635049,-1.6477049432234838,0.03269499629802327,-1.6029736185898031,1.0
10,4,2,1,0,2000,4,1,0,RandomForestClassifier,-1.5303158278431588,-1.526307764562567,0.002196635878564042,-1.5235209669482612,1.0
10,4,2,1,0,2000,4,1,1,RandomForestClassifier,-0.041624092259717416,-0.0218451341377079,0.01173703627570701,-0.00036697351417203095,1.0
10,4,2,1,0,2000,5,0,0,RandomForestClassifier,-0.03241730210745958,-0.015217703102027379,0.008875781238429891,-0.0002693957951436232,1.0
10,4,2,1,0,2000,5,0,1,RandomForestClassifier,-2.076304868650616,-2.0540568280722304,0.01819382440272727,-1.9954869392206056,1.0
10,4,2,1,0,2000,6,0,0,RandomForestClassifier,-0.034240759215547804,-0.017249288159599908,0.00914767771306567,-0.0008594886106713107,1.0
10,4,2,1,0,2000,6,0,1,RandomForestClassifier,-0.08549646572795172,-0.05131600988947163,0.018569295635169934,-0.028559808905234907,1.0
10,4,2,1,0,2000,7,0,0,RandomForestClassifier,-0.030416553110936297,-0.015394184679726038,0.008771053917791517,-3.5871208316384795e-05,1.0
10,4,2,1,0,2000,7,0,1,RandomForestClassifier,-0.8196037879239727,-0.8145377323190869,0.0034585407835524785,-0.8094185670522961,1.0
10,4,2,1,0,2000,8,1,0,RandomForestClassifier,-0.6286666149583516,-0.576431740935433,0.027076999630857714,-0.5461588764939812,1.0
10,4,2,1,0,2000,8,1,1,RandomForestClassifier,-0.0416460245642886,-0.02178184745357689,0.011529313974478228,-0.00031635504281979365,1.0
10,4,2,1,0,2000,9,0,0,RandomForestClassifier,-0.09047657796580703,-0.04904239367808508,0.026268629171803025,-0.0005104625810323782,1.0
10,4,2,1,0,2000,9,0,1,RandomForestClassifier,-3.4782523895203985,-3.4638375511650765,0.007508457669366353,-3.4518294323179193,1.0
10,2,2,1,0,2000,0,1,0,RandomForestClassifier,-0.4303255586944406,-0.35059128424824165,0.04358981020803226,-0.3048543368070325,1.0
10,2,2,1,0,2000,0,1,1,RandomForestClassifier,-0.012853063175520305,-0.007021219680264166,0.003756990184313963,-0.0001825639672621282,1.0
10,2,2,1,0,2000,1,0,0,RandomForestClassifier,-0.018618749944194924,-0.009436142091192801,0.005299565808926363,-0.0003589038482152418,1.0
10,2,2,1,0,2000,1,0,1,RandomForestClassifier,-2.092999174743356,-2.0167166759830373,0.0592341732081797,-1.8750437326050537,1.0
10,2,2,1,0,2000,2,0,0,RandomForestClassifier,-0.015327385105896818,-0.00677601989259899,0.0041440860625139705,-4.948121332448707e-06,1.0
10,2,2,1,0,2000,2,0,1,RandomForestClassifier,-0.9674605466102812,-0.9599617476308214,0.003829940004148767,-0.9505524517859638,1.0
10,2,2,1,0,2000,3,1,0,RandomForestClassifier,-1.0592703535675325,-1.0230208575978708,0.01651699993285608,-1.0058666695563347,1.0
10,2,2,1,0,2000,3,1,1,RandomForestClassifier,-0.016992139901968812,-0.008370305219347928,0.004845279292932695,-0.0003647645501478891,1.0
10,2,2,1,0,2000,4,0,0,RandomForestClassifier,-0.014030411930494261,-0.007213041969320766,0.0041443838687015904,-0.00011396022156673347,1.0
10,2,2,1,0,2000,4,0,1,RandomForestClassifier,-0.0714772496660676,-0.068463921250292,0.0014426585631075054,-0.06583554202668385,1.0
10,2,2,1,0,2000,5,0,0,RandomForestClassifier,-0.032668883068322066,-0.01662500818919651,0.009924596938684856,-0.0005397059295085688,1.0
10,2,2,1,0,2000,5,0,1,RandomForestClassifier,-1.7381042711541606,-1.7112955449553384,0.024546965597932145,-1.667511437875505,1.0
10,2,2,1,0,2000,6,1,0,RandomForestClassifier,-0.19695418202359763,-0.11490940159048135,0.03200342852143159,-0.0951128740367787,1.0
10,2,2,1,0,2000,6,1,1,RandomForestClassifier,-0.02772862404156628,-0.014799062662311322,0.008045822868230856,-0.0003694904667864707,1.0
10,2,2,1,0,2000,7,0,0,RandomForestClassifier,-0.02533458069513639,-0.013424144454483455,0.007237436467469342,-0.00047004921798499133,1.0
10,2,2,1,0,2000,7,0,1,RandomForestClassifier,-0.11152869657325604,-0.07391059269218583,0.024864281362835652,-0.041406500899011156,1.0
10,2,2,1,0,2000,8,1,0,RandomForestClassifier,-0.8170496923259436,-0.815108453743425,0.0037126571723565894,-0.7716420193682213,1.0
10,2,2,1,0,2000,8,1,1,RandomForestClassifier,-0.017646707311702592,-0.009190139850022327,0.00521934590848269,-9.422509181122862e-05,1.0
10,2,2,1,0,2000,9,1,0,RandomForestClassifier,-0.04098363612365637,-0.02846479353289937,0.01033700223398036,-0.010107060125990858,1.0
10,2,2,1,0,2000,9,1,1,RandomForestClassifier,-0.011437467446443916,-0.005801168658116875,0.0032273231285666684,-6.494432107362336e-05,1.0
10,2,2,1,1,2000,0,1,0,RandomForestClassifier,-0.14640453986083055,-0.1190092373233738,0.014751666847626613,-0.1046815830965202,1.0
10,2,2,1,1,2000,0,1,1,RandomForestClassifier,-0.019059833926450366,-0.010099016138046668,0.005269685089315922,-0.00024015706539448622,1.0
10,2,2,1,1,2000,1,0,0,RandomForestClassifier,-0.05071556029938084,-0.025431861913350787,0.01509847817864667,-3.1778448901231826e-05,1.0
10,2,2,1,1,2000,1,0,1,RandomForestClassifier,-2.724302396128759,-2.5966917759764474,0.09499646283499295,-2.45492109415205,1.0
10,2,2,1,1,2000,2,0,0,RandomForestClassifier,-0.020295649438068233,-0.010580490476040798,0.0061178383003004455,-4.156553146494879e-05,1.0
10,2,2,1,1,2000,2,0,1,RandomForestClassifier,-0.5077592032934933,-0.5016718915431135,0.0027096776103281914,-0.4990453631416366,1.0
10,2,2,1,1,2000,3,0,0,RandomForestClassifier,-0.028303397892347704,-0.014950387485693314,0.007902565650939008,-0.0007057536634023087,1.0
10,2,2,1,1,2000,3,0,1,RandomForestClassifier,-1.9151841011046362,-1.8954303615329335,0.010016186160654281,-1.8827592562970044,1.0
10,2,2,1,1,2000,4,1,0,RandomForestClassifier,-0.11262960156905426,-0.10600078088219321,0.0027738240398154507,-0.10285370408012029,1.0
10,2,2,1,1,2000,4,1,1,RandomForestClassifier,-0.015401851885715662,-0.008296942103294019,0.0043076148639400414,-0.00014891120392127033,1.0
10,2,2,1,1,2000,5,1,0,RandomForestClassifier,-0.17989979416037083,-0.16425408150819493,0.007591482399933298,-0.15206631307207452,1.0
10,2,2,1,1,2000,5,1,1,RandomForestClassifier,-0.019374800040992124,-0.009834890867145129,0.0056173334425592995,-0.00038681310428567706,1.0
10,2,2,1,1,2000,6,1,0,RandomForestClassifier,-0.14352312127313535,-0.13782876420519946,0.0031056068374866407,-0.1333928566254181,1.0
10,2,2,1,1,2000,6,1,1,RandomForestClassifier,-0.018050946642076262,-0.00884597401531871,0.0050747875002774764,-5.913461780993057e-05,1.0
10,2,2,1,1,2000,7,1,0,RandomForestClassifier,-0.06056785093777631,-0.04410184241303103,0.008836513919307065,-0.03270746227425603,1.0
10,2,2,1,1,2000,7,1,1,RandomForestClassifier,-0.017979056775473623,-0.008959729852082349,0.005238035886776291,-0.00019230046620455354,1.0
10,2,2,1,1,2000,8,1,0,RandomForestClassifier,-0.184620762983419,-0.17807995085376357,0.0031316371486535704,-0.1743769314637884,1.0
10,2,2,1,1,2000,8,1,1,RandomForestClassifier,-0.018267948555292818,-0.009707931110813884,0.0051327935516370165,-0.00018242801262324804,1.0
10,2,2,1,1,2000,9,0,0,RandomForestClassifier,-0.08608142734485957,-0.04408607253576994,0.025399641061724543,-0.00031932449741134405,1.0
10,2,2,1,1,2000,9,0,1,RandomForestClassifier,-2.719512072627174,-2.689148833922534,0.021637372071438093,-2.648222518616226,1.0
10,64,2,1,1,2000,0,0,0,RandomForestClassifier,-4.244161382536605,-2.315335625106778,1.1437250581326532,-0.10072283029328188,1.0
10,64,2,1,1,2000,0,0,1,RandomForestClassifier,-15.124277823821538,-14.165531911616922,0.5831032900237452,-12.907358516102427,1.0
10,64,2,1,1,2000,1,0,0,RandomForestClassifier,-3.241596335984372,-1.8774709261220592,0.8835986127480331,-0.009219436169001671,1.0
10,64,2,1,1,2000,1,0,1,RandomForestClassifier,-10.5898594186177,-8.758321076123853,1.1952260875772016,-6.555617017678734,1.0
10,64,2,1,1,2000,2,0,0,RandomForestClassifier,-2.899967483127967,-1.9068958431372107,0.6968452665165062,-0.14947324326045663,1.0
10,64,2,1,1,2000,2,0,1,RandomForestClassifier,-11.431110590662911,-9.802173679650728,1.1270585447938346,-7.19509985866513,1.0
10,64,2,1,1,2000,3,1,0,RandomForestClassifier,-9.634373180005513,-8.342357245110643,0.7999887330595844,-6.977284997574397,1.0
10,64,2,1,1,2000,3,1,1,RandomForestClassifier,-3.482365075392022,-1.868634490290478,0.9520074830235956,-0.009961695565922746,1.0
10,64,2,1,1,2000,4,0,0,RandomForestClassifier,-2.8776580072819815,-1.6458162374651737,0.6716664099104361,-0.048241171409913214,1.0
10,64,2,1,1,2000,4,0,1,RandomForestClassifier,-11.187926985744724,-10.286795017683177,0.47298225693189294,-9.401450125710852,1.0
10,64,2,1,1,2000,5,1,0,RandomForestClassifier,-12.83679284198766,-12.02971081749256,0.5919334512632897,-10.5746010601926,1.0
10,64,2,1,1,2000,5,1,1,RandomForestClassifier,-3.175111026401313,-1.9597398999006885,0.8175444961260706,-0.01594649883849275,1.0
10,64,2,1,1,2000,6,0,0,RandomForestClassifier,-2.8049234878784,-1.4295533690259992,0.8292060754718247,-0.039407135731369,1.0
10,64,2,1,1,2000,6,0,1,RandomForestClassifier,-12.704881434778969,-11.891440758020067,0.49830142196334326,-10.898660166451165,1.0
10,64,2,1,1,2000,7,0,0,RandomForestClassifier,-3.929872441831831,-2.077635011101618,0.9982330007233409,-0.17505831938081506,1.0
10,64,2,1,1,2000,7,0,1,RandomForestClassifier,-22.287289165551567,-20.763698532283623,0.9792901014802702,-18.9757952345571,1.0
10,64,2,1,1,2000,8,0,0,RandomForestClassifier,-2.531807834720054,-1.4061142391242714,0.7208211266625392,-0.016482963184890842,1.0
10,64,2,1,1,2000,8,0,1,RandomForestClassifier,-7.456976816969617,-6.594971509426484,0.7695262393837264,-4.735381132298199,1.0
10,64,2,1,1,2000,9,1,0,RandomForestClassifier,-10.420589067327208,-8.921601148502692,0.742482574121006,-7.6181171466174895,1.0
10,64,2,1,1,2000,9,1,1,RandomForestClassifier,-3.575758812994917,-1.9769850038737418,0.957419518587064,-0.15630586048206485,1.0
10,16,2,1,1,2000,0,1,0,RandomForestClassifier,-2.7580480084241494,-2.5344128629793117,0.15765298894076718,-2.22440935741136,1.0
10,16,2,1,1,2000,0,1,1,RandomForestClassifier,-0.3593575272971115,-0.20683665054802877,0.0855458652991174,-0.0337440835471029,1.0
10,16,2,1,1,2000,1,1,0,RandomForestClassifier,-4.2200408967040115,-4.104811293576618,0.07857249888216872,-3.9806700200436143,1.0
10,16,2,1,1,2000,1,1,1,RandomForestClassifier,-0.3830151249686929,-0.1848274875170881,0.11166356375905188,-0.002502261068920486,1.0
10,16,2,1,1,2000,2,1,0,RandomForestClassifier,-3.3999449355534765,-3.2534120179084507,0.08131175048165082,-3.065701018446029,1.0
10,16,2,1,1,2000,2,1,1,RandomForestClassifier,-0.41452990146042906,-0.22665217875072152,0.13951515682500323,-0.0076629350458979235,1.0
10,16,2,1,1,2000,3,1,0,RandomForestClassifier,-4.5557788059047075,-4.391248965571169,0.11970089119074775,-4.084544911985086,1.0
10,16,2,1,1,2000,3,1,1,RandomForestClassifier,-0.4477928147966004,-0.2842525750668615,0.12202551651277141,-0.011727551311737305,1.0
10,16,2,1,1,2000,4,0,0,RandomForestClassifier,-0.3720373604017374,-0.22610604083214217,0.08057249557230149,-0.02380702589239636,1.0
10,16,2,1,1,2000,4,0,1,RandomForestClassifier,-1.4186221978097675,-1.1316306500697504,0.1321536283775322,-0.9349807634288794,1.0
10,16,2,1,1,2000,5,1,0,RandomForestClassifier,-3.3789807892137826,-3.146664277137635,0.16920891321030548,-2.8594123727163434,1.0
10,16,2,1,1,2000,5,1,1,RandomForestClassifier,-0.675089743558904,-0.4208179280478754,0.18536657740322746,-0.04252682400495278,1.0
10,16,2,1,1,2000,6,1,0,RandomForestClassifier,-3.324222270420372,-3.183155808596285,0.08318453624738543,-3.0386270377299915,1.0
10,16,2,1,1,2000,6,1,1,RandomForestClassifier,-0.24529938126315665,-0.1439189317661745,0.06149388007705019,-0.007653827944505292,1.0
10,16,2,1,1,2000,7,1,0,RandomForestClassifier,-4.962192464979175,-4.721921416390243,0.18214382500483403,-4.349554446751218,1.0
10,16,2,1,1,2000,7,1,1,RandomForestClassifier,-0.6289214006541739,-0.3848179019991927,0.16639102252249663,-0.021820023401651234,1.0
10,16,2,1,1,2000,8,1,0,RandomForestClassifier,-1.1457419790399428,-0.8847940529105311,0.1515299361239632,-0.38785555078989375,1.0
10,16,2,1,1,2000,8,1,1,RandomForestClassifier,-0.43250085537942146,-0.23542748600753427,0.12335463680235485,-0.0019428621799855161,1.0
10,16,2,1,1,2000,9,1,0,RandomForestClassifier,-4.467343964708827,-4.279146918503032,0.1308674834289441,-4.048229757624496,1.0
10,16,2,1,1,2000,9,1,1,RandomForestClassifier,-0.19910742927700284,-0.1131933285366244,0.051882165737069816,-0.006013832870045199,1.0
10,32,2,1,0,2000,0,0,0,RandomForestClassifier,-1.1713450491376445,-0.6259981997423009,0.32351004766014796,-0.02274448245850247,1.0
10,32,2,1,0,2000,0,0,1,RandomForestClassifier,-6.4074733381809565,-6.056429085572525,0.2189889232558612,-5.664555663373211,1.0
10,32,2,1,0,2000,1,1,0,RandomForestClassifier,-11.337787456551787,-10.914593471877183,0.30522799066502015,-10.06960826946352,1.0
10,32,2,1,0,2000,1,1,1,RandomForestClassifier,-1.6276290567381062,-0.9510103152482228,0.438567418029335,-0.03174742881895193,1.0
10,32,2,1,0,2000,2,0,0,RandomForestClassifier,-1.1898733069906482,-0.7015723617997253,0.2915405398858317,-0.03573716250277448,1.0
10,32,2,1,0,2000,2,0,1,RandomForestClassifier,-6.206626920152056,-6.124480741094869,0.0422210797238917,-6.057833089008982,1.0
10,32,2,1,0,2000,3,1,0,RandomForestClassifier,-7.559614865621601,-6.588104658284647,0.898713182279223,-4.974931252965431,1.0
10,32,2,1,0,2000,3,1,1,RandomForestClassifier,-1.234162986749694,-0.664279204083698,0.29747003846050324,-0.0139949971036879,1.0
10,32,2,1,0,2000,4,0,0,RandomForestClassifier,-1.1730056598308802,-0.6537382759550403,0.33270775137278397,-0.014513906022300294,1.0
10,32,2,1,0,2000,4,0,1,RandomForestClassifier,-6.56244476357941,-6.142053090325103,0.4047102479450251,-4.861451099474436,1.0
10,32,2,1,0,2000,5,0,0,RandomForestClassifier,-0.8871480906600987,-0.5142494810281558,0.21787438119205693,-0.05466859934103718,1.0
10,32,2,1,0,2000,5,0,1,RandomForestClassifier,-6.277683958677038,-6.1897846286948655,0.06185802210682493,-6.062820716813533,1.0
10,32,2,1,0,2000,6,0,0,RandomForestClassifier,-1.0587602851470121,-0.5319380206896507,0.29862680384366114,-0.02052312905465825,1.0
10,32,2,1,0,2000,6,0,1,RandomForestClassifier,-10.64986982558452,-10.354819401238696,0.19130726323369693,-9.983951085165527,1.0
10,32,2,1,0,2000,7,1,0,RandomForestClassifier,-7.185894829400212,-6.147129788257823,0.6052486159694479,-4.8576157588333055,1.0
10,32,2,1,0,2000,7,1,1,RandomForestClassifier,-1.0865573092066343,-0.6092709207025135,0.2653354702754756,-0.017232378952203753,1.0
10,32,2,1,0,2000,8,1,0,RandomForestClassifier,-4.213982321488856,-3.2288214390144545,0.6134907632315826,-2.1358484132673032,1.0
10,32,2,1,0,2000,8,1,1,RandomForestClassifier,-1.4518910462261463,-0.8579414466507729,0.39139770807336105,-0.007442206890892533,1.0
10,32,2,1,0,2000,9,1,0,RandomForestClassifier,-9.791197165622052,-9.229197714055802,0.38089307405831,-8.551961793386468,1.0
10,32,2,1,0,2000,9,1,1,RandomForestClassifier,-1.0826478538620838,-0.70862788201717,0.28575713190042984,-0.05237152156868685,1.0
10,16,2,1,0,2000,0,1,0,RandomForestClassifier,-2.709580290643186,-2.5383754094210413,0.12385389089864392,-2.2766547391193126,1.0
10,16,2,1,0,2000,0,1,1,RandomForestClassifier,-0.4240175511798878,-0.2696435167179415,0.11565126708123447,-0.005485536805421409,1.0
10,16,2,1,0,2000,1,1,0,RandomForestClassifier,-4.911633330391638,-4.728425427224166,0.1392030412816439,-4.248127908043907,1.0
10,16,2,1,0,2000,1,1,1,RandomForestClassifier,-0.5624487353504399,-0.34484853167551094,0.16408401061528613,-0.007900386915665414,1.0
10,16,2,1,0,2000,2,0,0,RandomForestClassifier,-0.5624760541572885,-0.32756539081438035,0.15078043878990302,-0.018851146798375407,1.0
10,16,2,1,0,2000,2,0,1,RandomForestClassifier,-4.317451763515678,-4.264303434817881,0.033260594640292414,-4.201693811086914,1.0
10,16,2,1,0,2000,3,1,0,RandomForestClassifier,-1.9940197839021605,-1.686871886229444,0.2296471468875595,-1.1669568518845532,1.0
10,16,2,1,0,2000,3,1,1,RandomForestClassifier,-0.523025288335698,-0.2919052750179607,0.12252439372368541,-0.005458654774556537,1.0
10,16,2,1,0,2000,4,1,0,RandomForestClassifier,-2.406008835567095,-2.0540464793540147,0.24942694137730698,-1.582181328040637,1.0
10,16,2,1,0,2000,4,1,1,RandomForestClassifier,-0.7511099568360792,-0.4785661194833062,0.20083126783200678,-0.0013060978160792658,1.0
10,16,2,1,0,2000,5,0,0,RandomForestClassifier,-0.5892304054026535,-0.3704008150104868,0.13654027409272884,-0.03330012891593315,1.0
10,16,2,1,0,2000,5,0,1,RandomForestClassifier,-6.041147508475416,-5.790879449946724,0.1587296257892126,-5.362930178614024,1.0
10,16,2,1,0,2000,6,1,0,RandomForestClassifier,-4.4848932007774325,-4.239504982385631,0.163499346282746,-3.888298833683011,1.0
10,16,2,1,0,2000,6,1,1,RandomForestClassifier,-0.7277044442541196,-0.43162917350571767,0.1974703267318718,-0.0014451576858233173,1.0
10,16,2,1,0,2000,7,0,0,RandomForestClassifier,-0.4406400417327335,-0.26367163964410784,0.11333946892628613,-0.004631787566924506,1.0
10,16,2,1,0,2000,7,0,1,RandomForestClassifier,-2.3194209439485203,-2.229639875049488,0.05597682638014153,-2.122284567544012,1.0
10,16,2,1,0,2000,8,0,0,RandomForestClassifier,-0.5506671111885069,-0.2770494134669717,0.16980667617112175,-0.0020062369429654225,1.0
10,16,2,1,0,2000,8,0,1,RandomForestClassifier,-3.711110768009335,-3.36814754709172,0.21685603315654312,-2.9343489984345363,1.0
10,16,2,1,0,2000,9,1,0,RandomForestClassifier,-3.1655469323399896,-3.078881789499013,0.048805290017027304,-2.9607385858579955,1.0
10,16,2,1,0,2000,9,1,1,RandomForestClassifier,-0.3803997213030801,-0.20105711333710674,0.10551347743713241,-0.0025249595606784414,1.0
10,8,2,1,0,2000,0,1,0,RandomForestClassifier,-2.3108381670938987,-2.2619802562487075,0.03510967451837349,-2.2101726205958334,1.0
10,8,2,1,0,2000,0,1,1,RandomForestClassifier,-0.13628707919297894,-0.07594862627337937,0.035246505741359374,-0.00943134753146202,1.0
10,8,2,1,0,2000,1,1,0,RandomForestClassifier,-3.3143972844342433,-3.259319985950784,0.03396974464870976,-3.1895520700379656,1.0
10,8,2,1,0,2000,1,1,1,RandomForestClassifier,-0.17534865486164852,-0.08834119025255034,0.046541429670558264,-0.0035885743699544115,1.0
10,8,2,1,0,2000,2,1,0,RandomForestClassifier,-1.994265664369011,-1.8475551502761318,0.10272146497170048,-1.6363525897317006,1.0
10,8,2,1,0,2000,2,1,1,RandomForestClassifier,-0.23590952925224476,-0.13541936261618662,0.06428492023581532,-0.010303600373425592,1.0
10,8,2,1,0,2000,3,0,0,RandomForestClassifier,-0.27173207530966526,-0.1496993646763856,0.07674044068152155,-0.020612942298320114,1.0
10,8,2,1,0,2000,3,0,1,RandomForestClassifier,-1.105739647811363,-0.9955285182034075,0.06593946979187779,-0.8927290484042766,1.0
10,8,2,1,0,2000,4,0,0,RandomForestClassifier,-0.16995479739014976,-0.0937410262965933,0.049845185950871715,-0.002854435674125577,1.0
10,8,2,1,0,2000,4,0,1,RandomForestClassifier,-1.5422962527727395,-1.4382105990103395,0.05913113384752807,-1.3559760143889337,1.0
10,8,2,1,0,2000,5,1,0,RandomForestClassifier,-1.4000029539387981,-1.2383698156656155,0.11860557816893323,-1.0200775586366795,1.0
10,8,2,1,0,2000,5,1,1,RandomForestClassifier,-0.24037373961550673,-0.1330597943926094,0.07012013888866003,-0.005796194703023819,1.0
10,8,2,1,0,2000,6,0,0,RandomForestClassifier,-0.15010414866563432,-0.08849408415056487,0.0385930498249574,-0.0021611620499089046,1.0
10,8,2,1,0,2000,6,0,1,RandomForestClassifier,-1.1880483629943086,-1.0633124255724582,0.06892226361520827,-0.9572611521446899,1.0
10,8,2,1,0,2000,7,1,0,RandomForestClassifier,-1.7029444739985802,-1.6052160782934168,0.07006927515374735,-1.4803561647104648,1.0
10,8,2,1,0,2000,7,1,1,RandomForestClassifier,-0.15703747451600178,-0.08654018601122913,0.03813308327304026,-0.005004726679921578,1.0
10,8,2,1,0,2000,8,0,0,RandomForestClassifier,-0.18440519846108644,-0.10572731206518438,0.05406026995233508,-0.0025688532318239865,1.0
10,8,2,1,0,2000,8,0,1,RandomForestClassifier,-1.5640883114853281,-1.3893265677725881,0.12713572011499197,-1.108066006996564,1.0
10,8,2,1,0,2000,9,1,0,RandomForestClassifier,-2.0416146310776035,-1.977377766346519,0.03975425051017396,-1.9094649672292798,1.0
10,8,2,1,0,2000,9,1,1,RandomForestClassifier,-0.1389451717929193,-0.08933219660582722,0.03209288170637718,-0.0030727445540574827,1.0
10,32,2,1,1,8000,0,1,0,RandomForestClassifier,-6.215314063060302,-5.991168543755439,0.1898497952819276,-5.4297769963053115,1.0
10,32,2,1,1,8000,0,1,1,RandomForestClassifier,-0.8254938034669043,-0.459761989769077,0.21402780482891529,-0.01955417487199229,1.0
10,32,2,1,1,8000,1,0,0,RandomForestClassifier,-0.555582311924982,-0.3010526347049275,0.16054818596123652,-0.0032324894571715834,1.0
10,32,2,1,1,8000,1,0,1,RandomForestClassifier,-5.729249879468893,-5.406093061304684,0.25012608730695535,-4.594258183583827,1.0
10,32,2,1,1,8000,2,0,0,RandomForestClassifier,-0.6526746673118502,-0.35938563714579586,0.17724455708345305,-0.005265373303839027,1.0
10,32,2,1,1,8000,2,0,1,RandomForestClassifier,-5.010094126744264,-4.523143867056363,0.27203329196617954,-4.122669050872284,1.0
10,32,2,1,1,8000,3,0,0,RandomForestClassifier,-0.7830587252471003,-0.412434657557111,0.22974205656036636,-0.004961508256390301,1.0
10,32,2,1,1,8000,3,0,1,RandomForestClassifier,-5.541730052076197,-4.910500085590644,0.4905775434241132,-3.77288633924586,1.0
10,32,2,1,1,8000,4,1,0,RandomForestClassifier,-5.94106114382756,-5.572682693166021,0.2462051217546487,-4.919332955907319,1.0
10,32,2,1,1,8000,4,1,1,RandomForestClassifier,-0.7951646362074345,-0.42411034286639493,0.20243480049686144,-0.000569753633366421,1.0
10,32,2,1,1,8000,5,0,0,RandomForestClassifier,-0.6807175610265845,-0.38052894027772427,0.1868503345016169,-0.0020156487702882586,1.0
10,32,2,1,1,8000,5,0,1,RandomForestClassifier,-2.716821880178568,-2.401932047676997,0.2245863059970919,-1.8247811989606986,1.0
10,32,2,1,1,8000,6,1,0,RandomForestClassifier,-8.374481816446043,-8.043918196179476,0.2683828804294376,-7.332311056350216,1.0
10,32,2,1,1,8000,6,1,1,RandomForestClassifier,-0.9587379106955263,-0.5525464216896273,0.24023572685535932,-0.012101676772888759,1.0
10,32,2,1,1,8000,7,0,0,RandomForestClassifier,-0.6620817340154456,-0.33006800674220216,0.18531877692382406,-0.00037610450648517535,1.0
10,32,2,1,1,8000,7,0,1,RandomForestClassifier,-4.311467642645532,-4.071890165430785,0.13122710121759334,-3.845553489171189,1.0
10,32,2,1,1,8000,8,1,0,RandomForestClassifier,-4.547869715662535,-3.9286445771896217,0.5284221935591883,-2.4864288743576703,1.0
10,32,2,1,1,8000,8,1,1,RandomForestClassifier,-0.7615904303170484,-0.4297621615060936,0.21488818562191153,-0.002573598709447289,1.0
10,32,2,1,1,8000,9,1,0,RandomForestClassifier,-3.409348276985543,-2.813873263376572,0.44393094684166895,-1.690717677790902,1.0
10,32,2,1,1,8000,9,1,1,RandomForestClassifier,-0.7502808730245969,-0.40392513254530144,0.2181359275305505,-0.0014186066000041464,1.0
10,4,2,1,1,8000,0,0,0,RandomForestClassifier,-0.027332103369271735,-0.015369296983917279,0.007896450503693872,-3.060458976356095e-06,1.0
10,4,2,1,1,8000,0,0,1,RandomForestClassifier,-2.194942358625144,-2.18813919773243,0.003414190065246272,-2.182539282050404,1.0
10,4,2,1,1,8000,1,0,0,RandomForestClassifier,-0.040111743342362484,-0.02080155660440708,0.011730291150162038,-0.00010986217899300321,1.0
10,4,2,1,1,8000,1,0,1,RandomForestClassifier,-0.26924447604227436,-0.24357704807609826,0.011595189666490117,-0.22965756320021266,1.0
10,4,2,1,1,8000,2,1,0,RandomForestClassifier,-0.3903554109052827,-0.3846843482123944,0.0026585896772374725,-0.38155844237555736,1.0
10,4,2,1,1,8000,2,1,1,RandomForestClassifier,-0.05278077380045776,-0.027390894666861006,0.015294525241663776,-0.0003580579268127604,1.0
10,4,2,1,1,8000,3,0,0,RandomForestClassifier,-0.03838466427263558,-0.02058234169088026,0.011083939969070481,-0.00011957299075619765,1.0
10,4,2,1,1,8000,3,0,1,RandomForestClassifier,-0.1468612944495907,-0.1111823143693149,0.016714423008261738,-0.08885448575337,1.0
10,4,2,1,1,8000,4,0,0,RandomForestClassifier,-0.03323614647456024,-0.01794300415779938,0.009402939448729816,-2.380517460642828e-05,1.0
10,4,2,1,1,8000,4,0,1,RandomForestClassifier,-1.5425454211315786,-1.5398129228138224,0.0013757693036126175,-1.538094368142453,1.0
10,4,2,1,1,8000,5,1,0,RandomForestClassifier,-0.49559786976518766,-0.4818994237709016,0.007524966641996564,-0.4690010709510971,1.0
10,4,2,1,1,8000,5,1,1,RandomForestClassifier,-0.0427495507035532,-0.02304406842547297,0.011804744608054168,-3.489296584557877e-06,1.0
10,4,2,1,1,8000,6,0,0,RandomForestClassifier,-0.04970135833165439,-0.0260564545685894,0.014001179451831075,-0.0009371404080793511,1.0
10,4,2,1,1,8000,6,0,1,RandomForestClassifier,-4.186193534925501,-4.184467438804196,0.0010452488891752715,-4.183379900157581,1.0
10,4,2,1,1,8000,7,0,0,RandomForestClassifier,-0.02620533968787664,-0.01402553651052763,0.007147297046336088,-0.00029296900508390955,1.0
10,4,2,1,1,8000,7,0,1,RandomForestClassifier,-1.1361707859693289,-1.1187424025988602,0.011423754397021806,-1.098814386619366,1.0
10,4,2,1,1,8000,8,0,0,RandomForestClassifier,-0.028162595481104002,-0.015629395134641375,0.008060485264764885,-0.0004766276065164554,1.0
10,4,2,1,1,8000,8,0,1,RandomForestClassifier,-2.132803654163298,-2.1304192742332155,0.003134616536896617,-2.069696479778914,1.0
10,4,2,1,1,8000,9,0,0,RandomForestClassifier,-0.02828764858645915,-0.014801007989166736,0.008184180104586073,-5.852604965106423e-07,1.0
10,4,2,1,1,8000,9,0,1,RandomForestClassifier,-2.144910361491412,-2.1404911581023134,0.002116706094318195,-2.1375184147307644,1.0
10,8,2,1,1,8000,0,1,0,RandomForestClassifier,-1.136226608293463,-1.098331812676181,0.018632222404453395,-1.0722369105754628,1.0
10,8,2,1,1,8000,0,1,1,RandomForestClassifier,-0.09929172048266936,-0.05215543538565292,0.027889465928077718,-0.0014306243687107756,1.0
10,8,2,1,1,8000,1,1,0,RandomForestClassifier,-1.5513499819647842,-1.4893449971135952,0.03202401770911185,-1.4446320703917472,1.0
10,8,2,1,1,8000,1,1,1,RandomForestClassifier,-0.14609668004713017,-0.07274949507253231,0.0409949566406042,-0.002528020867608116,1.0
10,8,2,1,1,8000,2,1,0,RandomForestClassifier,-2.175850188297651,-2.1430788521238955,0.017217355767743876,-2.1170082276561453,1.0
10,8,2,1,1,8000,2,1,1,RandomForestClassifier,-0.06762164626085392,-0.03487096399458051,0.01930111343020872,-0.00016743045764622266,1.0
10,8,2,1,1,8000,3,1,0,RandomForestClassifier,-3.2611938680173416,-3.2030105276181042,0.0325902531723916,-3.154244809047936,1.0
10,8,2,1,1,8000,3,1,1,RandomForestClassifier,-0.13862782025529521,-0.0753634650923793,0.03597584938790425,-0.0001357153779371345,1.0
10,8,2,1,1,8000,4,1,0,RandomForestClassifier,-1.5773552720050001,-1.5412592356507309,0.02022764788039371,-1.5084327256158578,1.0
10,8,2,1,1,8000,4,1,1,RandomForestClassifier,-0.09869647624370707,-0.0510038682869384,0.02707247750255085,-0.0012727610961627,1.0
10,8,2,1,1,8000,5,0,0,RandomForestClassifier,-0.13813691971860043,-0.07731105618260757,0.038492271448837885,-0.0008276431629501424,1.0
10,8,2,1,1,8000,5,0,1,RandomForestClassifier,-2.6219137917441326,-2.5609526139017746,0.036951206254805795,-2.471488753676524,1.0
10,8,2,1,1,8000,6,0,0,RandomForestClassifier,-0.10674516220018572,-0.059103730049646315,0.02811094813965224,-0.0015196709794872976,1.0
10,8,2,1,1,8000,6,0,1,RandomForestClassifier,-2.232750945773694,-2.129328622723469,0.05997756266533185,-2.034537597108262,1.0
10,8,2,1,1,8000,7,1,0,RandomForestClassifier,-1.327621874898706,-1.2780648953336804,0.0327527181038471,-1.2164233005100498,1.0
10,8,2,1,1,8000,7,1,1,RandomForestClassifier,-0.09241675564674354,-0.046066795821221654,0.027520303816303313,-0.00031978315963654413,1.0
10,8,2,1,1,8000,8,1,0,RandomForestClassifier,-0.8555640218753269,-0.8121420625654356,0.02190236638166563,-0.7799464153290309,1.0
10,8,2,1,1,8000,8,1,1,RandomForestClassifier,-0.09356139498098888,-0.05031222688156587,0.02442646628048451,-0.0004452685695515157,1.0
10,8,2,1,1,8000,9,1,0,RandomForestClassifier,-1.3830816850770826,-1.3344124588126982,0.032163196946897024,-1.24716120461962,1.0
10,8,2,1,1,8000,9,1,1,RandomForestClassifier,-0.07339685951200137,-0.03887357422073151,0.01992344336739327,-0.0002205406462899573,1.0
10,64,2,1,0,8000,0,0,0,RandomForestClassifier,-1.6577455629594764,-0.7457747498220221,0.45046155211853317,-0.01175130535231006,1.0
10,64,2,1,0,8000,0,0,1,RandomForestClassifier,-7.0870633131775795,-5.486287974754118,1.2278488924776736,-2.7217060327774467,1.0
10,64,2,1,0,8000,1,0,0,RandomForestClassifier,-2.234693805089753,-1.2292891704254345,0.5974432124914728,-0.0020787333019054444,1.0
10,64,2,1,0,8000,1,0,1,RandomForestClassifier,-6.9403808107045935,-5.443975886789169,0.9680876262900637,-3.515002918606922,1.0
10,64,2,1,0,8000,2,1,0,RandomForestClassifier,-6.473684077765847,-4.844618201254608,1.175137597319179,-1.5447282655681467,1.0
10,64,2,1,0,8000,2,1,1,RandomForestClassifier,-1.6609535575684289,-0.8118507765589947,0.4464947404802836,-0.004629658313308305,1.0
10,64,2,1,0,8000,3,0,0,RandomForestClassifier,-1.926309159941857,-1.076317558809862,0.5060107044213676,-0.016408503709344213,1.0
10,64,2,1,0,8000,3,0,1,RandomForestClassifier,-4.079822250861781,-2.611732489066254,0.9636132315845223,-0.2304556269004998,1.0
10,64,2,1,0,8000,4,1,0,RandomForestClassifier,-14.167771226470979,-13.528321598187844,0.4280657905674126,-12.520177944407791,1.0
10,64,2,1,0,8000,4,1,1,RandomForestClassifier,-2.957131743813161,-1.6702941145563208,0.7882302436776711,-0.05697540048797478,1.0
10,64,2,1,0,8000,5,0,0,RandomForestClassifier,-2.5867371636925927,-1.563214404054989,0.7000575654381286,-0.031835306682089115,1.0
10,64,2,1,0,8000,5,0,1,RandomForestClassifier,-11.910702302486406,-10.806890794465522,1.0022103617355789,-7.902505866855045,1.0
10,64,2,1,0,8000,6,1,0,RandomForestClassifier,-17.747589194268187,-16.81631078543601,0.5405334898620726,-15.110193826296674,1.0
10,64,2,1,0,8000,6,1,1,RandomForestClassifier,-2.4192949669196047,-1.2964348103682146,0.6806519221279173,-0.04807804721690001,1.0
10,64,2,1,0,8000,7,1,0,RandomForestClassifier,-11.786529670786399,-10.235408806169133,1.1310360309415322,-7.472252990069976,1.0
10,64,2,1,0,8000,7,1,1,RandomForestClassifier,-2.2943190819295003,-1.353052762575834,0.5516552066640925,-0.007679943662139976,1.0
10,64,2,1,0,8000,8,1,0,RandomForestClassifier,-8.474609433351853,-6.862632132992141,1.2810328132866005,-3.5206976689887486,1.0
10,64,2,1,0,8000,8,1,1,RandomForestClassifier,-1.9655962827871634,-1.0057089617265924,0.5151032736596872,-0.03341901708546313,1.0
10,64,2,1,0,8000,9,0,0,RandomForestClassifier,-2.3100571682200512,-1.198289247919055,0.6214392448730967,-0.009472857376000787,1.0
10,64,2,1,0,8000,9,0,1,RandomForestClassifier,-19.131769628766026,-18.177076369635223,0.7133762497941493,-16.199020402965935,1.0
10,4,2,1,0,8000,0,0,0,RandomForestClassifier,-0.023812768385174397,-0.012698801761822323,0.006493295270261122,-0.00037389718603009214,1.0
10,4,2,1,0,8000,0,0,1,RandomForestClassifier,-1.4428198600081348,-1.415099344031389,0.02306836775656542,-1.353892062799068,1.0
10,4,2,1,0,8000,1,1,0,RandomForestClassifier,-1.6906257068036228,-1.6862679206221436,0.0020475188776029763,-1.6837797710405673,1.0
10,4,2,1,0,8000,1,1,1,RandomForestClassifier,-0.028465359223085778,-0.014902193657580578,0.007784374023238895,-5.7309198687738316e-05,1.0
10,4,2,1,0,8000,2,1,0,RandomForestClassifier,-0.6917662265237888,-0.6601198992545847,0.010243013701741228,-0.6439644268580615,1.0
10,4,2,1,0,8000,2,1,1,RandomForestClassifier,-0.03723734783697427,-0.019992858828516896,0.010721246055367542,-6.095231208624874e-05,1.0
10,4,2,1,0,8000,3,0,0,RandomForestClassifier,-0.02336928064960995,-0.012301872566314733,0.006548421491472641,-0.00010573231922605952,1.0
10,4,2,1,0,8000,3,0,1,RandomForestClassifier,-1.6271235678491245,-1.6180281211924703,0.004802935527080641,-1.6119978310264582,1.0
10,4,2,1,0,8000,4,1,0,RandomForestClassifier,-1.2906489233594538,-1.2630605888016937,0.018178606453552407,-1.2235522001331138,1.0
10,4,2,1,0,8000,4,1,1,RandomForestClassifier,-0.03260803812356383,-0.017468579711761106,0.009205765829735606,-0.00018968862605639458,1.0
10,4,2,1,0,8000,5,0,0,RandomForestClassifier,-0.03343762565387021,-0.018099117759634666,0.009587839629848544,-5.377086128882658e-05,1.0
10,4,2,1,0,8000,5,0,1,RandomForestClassifier,-2.041638078715623,-1.9920613118191934,0.028833294782341187,-1.9387322478606244,1.0
10,4,2,1,0,8000,6,0,0,RandomForestClassifier,-0.026077938030563994,-0.012991544409253097,0.007351713510772139,-6.543217652532629e-05,1.0
10,4,2,1,0,8000,6,0,1,RandomForestClassifier,-0.057225535505529126,-0.03577643288151748,0.011982436498282881,-0.018079123726176927,1.0
10,4,2,1,0,8000,7,0,0,RandomForestClassifier,-0.02373308781441049,-0.011770127745831242,0.006575667487827786,-0.00022613394752417533,1.0
10,4,2,1,0,8000,7,0,1,RandomForestClassifier,-0.8280708840181863,-0.8145541941968513,0.007809369400818239,-0.8025376787888174,1.0
10,4,2,1,0,8000,8,1,0,RandomForestClassifier,-0.8556689641892021,-0.8197200606519881,0.03503136445738018,-0.7288220497974691,1.0
10,4,2,1,0,8000,8,1,1,RandomForestClassifier,-0.0429790939605299,-0.02263406139697783,0.012406550883638656,-5.7008333769870134e-05,1.0
10,4,2,1,0,8000,9,0,0,RandomForestClassifier,-0.06176380042934748,-0.03200687257662521,0.01743867558310574,-9.949648766238717e-05,1.0
10,4,2,1,0,8000,9,0,1,RandomForestClassifier,-3.5296786694054125,-3.447596476300268,0.06003604048053435,-3.3399478131838154,1.0
10,2,2,1,0,8000,0,1,0,RandomForestClassifier,-0.5457687089964378,-0.43865917304827545,0.09695530778967737,-0.19465008076358017,1.0
10,2,2,1,0,8000,0,1,1,RandomForestClassifier,-0.013583207373964673,-0.0069967782401452435,0.003917217806074415,-1.2301942309056457e-05,1.0
10,2,2,1,0,8000,1,0,0,RandomForestClassifier,-0.021605737444167272,-0.01111375422683809,0.006109080999137736,-2.1541550264236875e-05,1.0
10,2,2,1,0,8000,1,0,1,RandomForestClassifier,-2.1343863850663185,-1.8235672730160446,0.6235217512238067,-0.3057851618371479,1.0
10,2,2,1,0,8000,2,0,0,RandomForestClassifier,-0.014625666660032765,-0.007752732799223516,0.004078638752807348,-8.652678225917754e-05,1.0
10,2,2,1,0,8000,2,0,1,RandomForestClassifier,-1.061903017112101,-0.9309255337689616,0.21511303623378283,-0.22249062581835374,1.0
10,2,2,1,0,8000,3,1,0,RandomForestClassifier,-1.2115660785577402,-1.0999707124961453,0.09712196958562165,-0.6508044449528778,1.0
10,2,2,1,0,8000,3,1,1,RandomForestClassifier,-0.017204651901586487,-0.00869445325549182,0.004904167714224551,-2.2191033610674538e-07,1.0
10,2,2,1,0,8000,4,0,0,RandomForestClassifier,-0.013120640105026116,-0.0062962517992279365,0.003721528762824785,-1.7649580175582713e-05,1.0
10,2,2,1,0,8000,4,0,1,RandomForestClassifier,-0.1592049742887663,-0.0743183770660747,0.06261877318439711,-0.006978333731017694,1.0
10,2,2,1,0,8000,5,0,0,RandomForestClassifier,-0.026348237823736395,-0.01356119862626204,0.007586483241068461,-6.567973310854514e-05,1.0
10,2,2,1,0,8000,5,0,1,RandomForestClassifier,-1.6041234413674572,-1.522181655414699,0.06461998410737158,-1.3466381613381166,1.0
10,2,2,1,0,8000,6,1,0,RandomForestClassifier,-0.1945862460857717,-0.11114431830353436,0.02778955901813778,-0.09506493198751576,1.0
10,2,2,1,0,8000,6,1,1,RandomForestClassifier,-0.025277063738370964,-0.012835328004217827,0.007215633484623086,-0.00011636086054833683,1.0
10,2,2,1,0,8000,7,0,0,RandomForestClassifier,-0.02899715952701032,-0.0137405560509416,0.008403130460210911,-3.457341565310523e-05,1.0
10,2,2,1,0,8000,7,0,1,RandomForestClassifier,-0.0644444768935083,-0.036867427297672506,0.016766877450571586,-0.008858908847680536,1.0
10,2,2,1,0,8000,8,1,0,RandomForestClassifier,-0.8230732915013986,-0.7906942455286449,0.03346359480225547,-0.6692939866002897,1.0
10,2,2,1,0,8000,8,1,1,RandomForestClassifier,-0.015396032298482286,-0.007702530597649031,0.004238721138417705,-1.2369102135423304e-05,1.0
10,2,2,1,0,8000,9,1,0,RandomForestClassifier,-0.03879415904981153,-0.02795229893127287,0.007263230525640382,-0.014456802902209293,1.0
10,2,2,1,0,8000,9,1,1,RandomForestClassifier,-0.011968993149935828,-0.006393063874034091,0.0034047027575002005,-8.368331316302435e-05,1.0
10,2,2,1,1,8000,0,1,0,RandomForestClassifier,-0.15155146362479321,-0.14702960730345838,0.002139174566211747,-0.1445350691997549,1.0
10,2,2,1,1,8000,0,1,1,RandomForestClassifier,-0.014606166499217518,-0.007659104136147581,0.004337930188188593,-9.311143959100932e-05,1.0
10,2,2,1,1,8000,1,0,0,RandomForestClassifier,-0.05201021426758774,-0.0258230759895446,0.015072240403993952,-4.628054558697414e-05,1.0
10,2,2,1,1,8000,1,0,1,RandomForestClassifier,-2.7178164554955164,-2.6133310584001985,0.09070242846091366,-2.4298666469898276,1.0
10,2,2,1,1,8000,2,0,0,RandomForestClassifier,-0.015340204711262961,-0.008146007407660171,0.004338429005425347,-0.00010867289058080765,1.0
10,2,2,1,1,8000,2,0,1,RandomForestClassifier,-0.5693845772440721,-0.508978236617003,0.02863278391662233,-0.4627360811663279,1.0
10,2,2,1,1,8000,3,0,0,RandomForestClassifier,-0.02843083670750831,-0.014820421541308642,0.0082687070869225,-8.76851998210526e-06,1.0
10,2,2,1,1,8000,3,0,1,RandomForestClassifier,-1.9179173718093974,-1.9020282450219117,0.008580911420024123,-1.8888038536277878,1.0
10,2,2,1,1,8000,4,1,0,RandomForestClassifier,-0.17920785913925416,-0.15525756922865136,0.020606263742836476,-0.09727999763980749,1.0
10,2,2,1,1,8000,4,1,1,RandomForestClassifier,-0.013751341774632046,-0.007285073595250595,0.0038731798366587558,-1.0342874957602888e-05,1.0
10,2,2,1,1,8000,5,1,0,RandomForestClassifier,-0.16960162363149228,-0.15313747795402655,0.010666338429055634,-0.13653174552517466,1.0
10,2,2,1,1,8000,5,1,1,RandomForestClassifier,-0.02022150857156459,-0.010042975175107318,0.005851889970308122,-3.5578814379100265e-06,1.0
10,2,2,1,1,8000,6,1,0,RandomForestClassifier,-0.1433785908017577,-0.1371917788540975,0.00316433524585302,-0.13288700457156766,1.0
10,2,2,1,1,8000,6,1,1,RandomForestClassifier,-0.016636440145700093,-0.008890220723090479,0.005011455987295016,-2.2874867891764517e-05,1.0
10,2,2,1,1,8000,7,1,0,RandomForestClassifier,-0.08895751021455567,-0.058912648474391906,0.020806199841719705,-0.03220030891211767,1.0
10,2,2,1,1,8000,7,1,1,RandomForestClassifier,-0.01582771996381373,-0.00795125302363606,0.0045438918085864465,-5.934843297472625e-06,1.0
10,2,2,1,1,8000,8,1,0,RandomForestClassifier,-0.1831188187725241,-0.17754813359060875,0.0026311004423925995,-0.17425541201906936,1.0
10,2,2,1,1,8000,8,1,1,RandomForestClassifier,-0.015738001856524277,-0.00805942050985347,0.004565022288513776,-4.962750219461576e-05,1.0
10,2,2,1,1,8000,9,0,0,RandomForestClassifier,-0.07368331679421036,-0.03813996285232117,0.021005812031350036,-5.423303836282756e-05,1.0
10,2,2,1,1,8000,9,0,1,RandomForestClassifier,-2.698523021993448,-2.682509815174691,0.010211414888805453,-2.6647323003699204,1.0
