dataset_id,point,class,target,model,min_fitness,mean_fitness,max_fitness,accuracy
0,-4510597781759187177,0,0,SVC,-0.25044146225164854,-0.13268034527279396,-0.001288933940802428,1.0
0,-4510597781759187177,0,1,SVC,-1.011788543650087,-0.8891342056945176,-0.7982773045308235,1.0
0,5874732301397818788,0,0,SVC,-0.09218081716622861,-0.04426861801426506,-0.00013319384301202497,1.0
0,5874732301397818788,0,1,SVC,-0.5460420308359788,-0.5037501202017383,-0.480815918024864,1.0
0,689203512367814292,0,0,SVC,-0.09337406291791561,-0.04698209128726759,-8.309527210825784e-05,1.0
0,689203512367814292,0,1,SVC,-0.8695955634896678,-0.83972882169951,-0.8175265611821239,1.0
0,-5981119424268564462,0,0,SVC,-0.31278301704291867,-0.16739015032485519,-0.0012438851408811402,1.0
0,-5981119424268564462,0,1,SVC,-1.3707983165054929,-1.2483805900630625,-1.1610441408091228,1.0
0,-5249557742319277329,1,0,SVC,-1.6356065042300056,-1.6052291628727395,-1.5802568434764392,1.0
0,-5249557742319277329,1,1,SVC,-0.11553455794473207,-0.05859657416393422,-8.101294107110135e-06,1.0
0,-2283496832512344899,0,0,SVC,-0.1082368151965057,-0.05772365616855275,-0.000971420873718154,1.0
0,-2283496832512344899,0,1,SVC,-1.0946091681475378,-1.0539323477136575,-1.0282013692772394,1.0
0,-8235078886270526498,1,0,SVC,-1.1634173290752616,-1.1427661728655762,-1.1280892553732453,1.0
0,-8235078886270526498,1,1,SVC,-0.12552878410537494,-0.0657113546922302,-1.7461817702013605e-05,1.0
0,8361743677887155011,1,0,SVC,-1.3521219893439889,-1.2883548582579833,-1.2359063890126418,1.0
0,8361743677887155011,1,1,SVC,-0.14345280757819634,-0.07301353779338303,-4.4172044910251174e-05,1.0
0,-673109146871590390,1,0,SVC,-1.869615592973673,-1.8570945797184668,-1.845360856493498,1.0
0,-673109146871590390,1,1,SVC,-0.16089141806819993,-0.0807131381643296,-0.00019563788126131243,1.0
0,3538481709468243158,0,0,SVC,-0.09277943426013224,-0.047538209016748594,-0.0012702707746090613,1.0
0,3538481709468243158,0,1,SVC,-0.6598398769399392,-0.6304934781305336,-0.6098321766711001,1.0
0,3141390408543064301,1,0,SVC,-1.0915688475852021,-1.0689876682414057,-1.0513133867793019,1.0
0,3141390408543064301,1,1,SVC,-0.13090255789737015,-0.06547210117678989,-0.0002498187215933534,1.0
0,-5291287027796096435,0,0,SVC,-0.14697137226487458,-0.07672908364768033,-0.0003444665414531478,1.0
0,-5291287027796096435,0,1,SVC,-1.0325932909406705,-0.996942103802899,-0.9720087586801526,1.0
0,-3669545390379282989,1,0,SVC,-2.1338594401245174,-2.05007719759142,-1.9767372505603478,1.0
0,-3669545390379282989,1,1,SVC,-0.3099221861455311,-0.1681993552158827,-0.0007668733680611939,1.0
0,-1733593099514943365,0,0,SVC,-0.19538720232559165,-0.10713477338239827,-0.0008111269980821678,1.0
0,-1733593099514943365,0,1,SVC,-0.9299701823582559,-0.8735968884914203,-0.8232760556892267,1.0
0,-8054553100402963366,1,0,SVC,-1.398111938942056,-1.3509123470980906,-1.3204876844253999,1.0
0,-8054553100402963366,1,1,SVC,-0.13307168179795392,-0.0694608724985571,-0.00045576372090339046,1.0
0,7742001039758628176,1,0,SVC,-1.251199308248502,-1.1799825939950224,-1.128939347608542,1.0
0,7742001039758628176,1,1,SVC,-0.15185623025101247,-0.07762548597558208,-0.0020309816755836874,1.0
0,897533698252709822,1,0,SVC,-1.5523943256377442,-1.5277658292156098,-1.5070601441332985,1.0
0,897533698252709822,1,1,SVC,-0.13879083774085554,-0.07247862999351652,-0.0031175625172481514,1.0
0,6587815490256989823,0,0,SVC,-0.3894733640515776,-0.21456467377002855,-0.0002363684713146963,1.0
0,6587815490256989823,0,1,SVC,-1.2632145039760554,-1.1706556699704802,-1.065630070151359,1.0
0,5248638627006141910,0,0,SVC,-0.11014501954560496,-0.058358946389453624,-3.6048705059577024e-05,1.0
0,5248638627006141910,0,1,SVC,-0.8500571208102183,-0.8211879661050864,-0.7962460868315859,1.0
0,-5698592074795574380,0,0,SVC,-0.20095146999815178,-0.11251560600152087,-0.00041624605871593,1.0
0,-5698592074795574380,0,1,SVC,-0.81402539155159,-0.7491063858617103,-0.6908450144345469,1.0
0,5540415386871103628,0,0,SVC,-0.10070418892006036,-0.053863491291649065,-6.258191035635186e-05,1.0
0,5540415386871103628,0,1,SVC,-0.8199780211525955,-0.7949935803378845,-0.7750733174457667,1.0
0,307241348697530632,1,0,SVC,-1.4805548622589875,-1.442999063016995,-1.4163274102509587,1.0
0,307241348697530632,1,1,SVC,-0.12546591794183248,-0.06762570567195283,-0.0004704501356644908,1.0
0,2580541239459249058,1,0,SVC,-1.360693067527771,-1.3385481399574013,-1.3246415682206583,1.0
0,2580541239459249058,1,1,SVC,-0.11587574715671756,-0.06090955866660189,-3.858639027387589e-05,1.0
0,-2633615629027486425,0,0,SVC,-0.14938791837909188,-0.07721783765903407,-0.00041525001018949403,1.0
0,-2633615629027486425,0,1,SVC,-0.799627390560644,-0.7594855558138379,-0.7339791980765342,1.0
0,1560980624783017653,0,0,SVC,-0.09691780448167742,-0.0513321082676304,-9.303847235264673e-05,1.0
0,1560980624783017653,0,1,SVC,-0.9676198157126036,-0.9427917036821991,-0.9238869253949671,1.0
0,-8833526597647508929,0,0,SVC,-0.12273643597792006,-0.06369983843355347,-0.002346577262078875,1.0
0,-8833526597647508929,0,1,SVC,-0.9541201210114179,-0.9191707539439685,-0.888102601094965,1.0
0,-1562869315194378989,0,0,SVC,-0.10850645984592788,-0.05875715038237931,-5.2137472153379605e-05,1.0
0,-1562869315194378989,0,1,SVC,-0.746815832103163,-0.7013071661970652,-0.6708640112098999,1.0
0,-149058659341497315,1,0,SVC,-0.7560893412372404,-0.7261687541998049,-0.7042857124852049,1.0
0,-149058659341497315,1,1,SVC,-0.12663371054108358,-0.06500142818208134,-0.0001279975171648573,1.0
0,382750387575492907,0,0,SVC,-0.11232687172293183,-0.058182502415626544,-0.0005331044875069857,1.0
0,382750387575492907,0,1,SVC,-0.9274382013050319,-0.8795789695127396,-0.8477393758037366,1.0
0,-2830144896685168467,0,0,SVC,-0.12054665579178586,-0.0642589109367259,-8.423216946340517e-05,1.0
0,-2830144896685168467,0,1,SVC,-0.6690318835633283,-0.5913621114176701,-0.5414528390857125,1.0
0,-4510597781759187177,0,0,MLPClassifier,-0.25265478885460413,-0.13243230249295532,-0.001288933940802428,1.0
0,-4510597781759187177,0,1,MLPClassifier,-1.0523552959615439,-0.9645451700044141,-0.8893256618279662,1.0
0,5874732301397818788,0,0,MLPClassifier,-0.09218081716622861,-0.045314273471174935,-0.00013319384301202497,1.0
0,5874732301397818788,0,1,MLPClassifier,-0.5914045360141837,-0.5684715657302879,-0.5590717583581817,1.0
0,689203512367814292,0,0,MLPClassifier,-0.09599796987913961,-0.0477113550647483,-8.309527210825784e-05,1.0
0,689203512367814292,0,1,MLPClassifier,-0.9228272713203995,-0.9068728896866383,-0.900645763036982,1.0
0,-5981119424268564462,0,0,MLPClassifier,-0.32592567599172123,-0.17793164623335153,-0.0012438851408811402,1.0
0,-5981119424268564462,0,1,MLPClassifier,-1.3961929386402576,-1.3221536935261888,-1.2504892158377903,1.0
0,-5249557742319277329,1,0,MLPClassifier,-1.5264988032280429,-1.5146678722947229,-1.5071765229761092,1.0
0,-5249557742319277329,1,1,MLPClassifier,-0.11613657578969483,-0.05698691111547727,-8.101294107110135e-06,1.0
0,-2283496832512344899,0,0,MLPClassifier,-0.11221509284519637,-0.06006762879252069,-0.0005299118275554626,1.0
0,-2283496832512344899,0,1,MLPClassifier,-1.133499629319647,-1.1246802588738944,-1.1194027991930526,1.0
0,-8235078886270526498,1,0,MLPClassifier,-1.0680969497414414,-1.0518996958843227,-1.0370887826596669,1.0
0,-8235078886270526498,1,1,MLPClassifier,-0.12804519883254328,-0.0695438516865183,-1.7461817702013605e-05,1.0
0,8361743677887155011,1,0,MLPClassifier,-1.28625421776568,-1.2244639109350202,-1.1886761451465777,1.0
0,8361743677887155011,1,1,MLPClassifier,-0.1500099157057899,-0.07698958199675338,-0.0003683683336095367,1.0
0,-673109146871590390,1,0,MLPClassifier,-1.7776299299332283,-1.7654018342232614,-1.754724782413822,1.0
0,-673109146871590390,1,1,MLPClassifier,-0.16403183528004228,-0.08222875180867001,-0.0001672616589898368,1.0
0,3538481709468243158,0,0,MLPClassifier,-0.09823866111298991,-0.05001045702834607,-8.248007853950412e-05,1.0
0,3538481709468243158,0,1,MLPClassifier,-0.7141050657117908,-0.6992745308934406,-0.6909387772834036,1.0
0,3141390408543064301,1,0,MLPClassifier,-0.9965003456617548,-0.9758628485862563,-0.9597046812951606,1.0
0,3141390408543064301,1,1,MLPClassifier,-0.1349161339442946,-0.06663811802122614,-9.450512400865918e-06,1.0
0,-5291287027796096435,0,0,MLPClassifier,-0.14211510247310835,-0.07444135997914386,-0.0003444665414531478,1.0
0,-5291287027796096435,0,1,MLPClassifier,-1.0754289017591088,-1.0406622234401703,-1.02063970823265,1.0
0,-3669545390379282989,1,0,MLPClassifier,-2.09043683900837,-2.0007001515095295,-1.9356852500610828,1.0
0,-3669545390379282989,1,1,MLPClassifier,-0.2983323775728753,-0.15817068443407958,-0.0007668733680611939,1.0
0,-1733593099514943365,0,0,MLPClassifier,-0.20482132140954462,-0.11406457532425583,-0.005280813559871755,1.0
0,-1733593099514943365,0,1,MLPClassifier,-0.9625791676920893,-0.9046955682011945,-0.8602456895407694,1.0
0,-8054553100402963366,1,0,MLPClassifier,-1.317129038873783,-1.2799691137814067,-1.2604856031448728,1.0
0,-8054553100402963366,1,1,MLPClassifier,-0.13457439853235198,-0.07067126039692298,-0.00045576372090339046,1.0
0,7742001039758628176,1,0,MLPClassifier,-1.132003584675768,-1.1008443318374694,-1.0875042962959287,1.0
0,7742001039758628176,1,1,MLPClassifier,-0.15359605790811795,-0.08047767457776324,-0.0020309816755836874,1.0
0,897533698252709822,1,0,MLPClassifier,-1.4998697739387599,-1.4678385635823537,-1.4473836394047075,1.0
0,897533698252709822,1,1,MLPClassifier,-0.13971618653282614,-0.0718425440286242,-0.001334683830729988,1.0
0,6587815490256989823,0,0,MLPClassifier,-0.37792727400733866,-0.20503038858171593,-0.0002363684713146963,1.0
0,6587815490256989823,0,1,MLPClassifier,-1.349774156479634,-1.2535764935362859,-1.1488022200669914,1.0
0,5248638627006141910,0,0,MLPClassifier,-0.11600208328764443,-0.060721122408181546,-0.0004047503459189139,1.0
0,5248638627006141910,0,1,MLPClassifier,-0.8935479929128555,-0.8746139976492907,-0.8621227658113736,1.0
0,-5698592074795574380,0,0,MLPClassifier,-0.20532542258087755,-0.11410237746136893,-0.00041624605871593,1.0
0,-5698592074795574380,0,1,MLPClassifier,-0.8500135709986452,-0.7827821614191041,-0.7278146482860897,1.0
0,5540415386871103628,0,0,MLPClassifier,-0.10139797269143914,-0.05419568096245003,-6.258191035635186e-05,1.0
0,5540415386871103628,0,1,MLPClassifier,-0.8796442611325883,-0.8601673413050333,-0.8498836140252335,1.0
0,307241348697530632,1,0,MLPClassifier,-1.4077782191800678,-1.3775332164386809,-1.3567150020706817,1.0
0,307241348697530632,1,1,MLPClassifier,-0.12936666163358923,-0.06837068672265884,-0.0002416452970656069,1.0
0,2580541239459249058,1,0,MLPClassifier,-1.2689695889094967,-1.2549246169479806,-1.246062452449772,1.0
0,2580541239459249058,1,1,MLPClassifier,-0.11074566823017533,-0.05552999223960191,-3.858639027387589e-05,1.0
0,-2633615629027486425,0,0,MLPClassifier,-0.14816574006367023,-0.07725789305593408,-0.00041525001018949403,1.0
0,-2633615629027486425,0,1,MLPClassifier,-0.840010059089732,-0.8011567357665165,-0.7781829832644003,1.0
0,1560980624783017653,0,0,MLPClassifier,-0.09527457689039058,-0.05169692702936425,-0.004199021941805325,1.0
0,1560980624783017653,0,1,MLPClassifier,-1.028858827347441,-1.0082550024594095,-0.9990124685537671,1.0
0,-8833526597647508929,0,0,MLPClassifier,-0.13143695942998512,-0.06856271742977889,-0.002346577262078875,1.0
0,-8833526597647508929,0,1,MLPClassifier,-0.990069068628913,-0.9634359429387925,-0.9470102668806663,1.0
0,-1562869315194378989,0,0,MLPClassifier,-0.10966654308179406,-0.059608624173476864,-5.2137472153379605e-05,1.0
0,-1562869315194378989,0,1,MLPClassifier,-0.7856581692622044,-0.7713714671003641,-0.7631407836368647,1.0
0,-149058659341497315,1,0,MLPClassifier,-0.6763549769567954,-0.6382508675842044,-0.6122588918047609,1.0
0,-149058659341497315,1,1,MLPClassifier,-0.11404231430523692,-0.057412280466996514,-0.0001279975171648573,1.0
0,382750387575492907,0,0,MLPClassifier,-0.11935813895783753,-0.06262328908666921,-0.0012148181378262013,1.0
0,382750387575492907,0,1,MLPClassifier,-0.9789419478800095,-0.9544145757272156,-0.936848221558847,1.0
0,-2830144896685168467,0,0,MLPClassifier,-0.11865919746103715,-0.06388894510353363,-5.786248399441973e-05,1.0
0,-2830144896685168467,0,1,MLPClassifier,-0.7048900202592259,-0.6614156910878738,-0.6386287438362197,1.0
0,-4510597781759187177,0,0,RandomForestClassifier,-0.25652758871592085,-0.1367847165990205,-0.001288933940802428,1.0
0,-4510597781759187177,0,1,RandomForestClassifier,-1.0036124886002828,-0.9255833764567153,-0.8292698412632321,1.0
0,5874732301397818788,0,0,RandomForestClassifier,-0.08795625442162425,-0.04436793295151593,-0.00013319384301202497,1.0
0,5874732301397818788,0,1,RandomForestClassifier,-0.5946207382363485,-0.567158290332725,-0.5104754306045426,1.0
0,689203512367814292,0,0,RandomForestClassifier,-0.09580287710285629,-0.04883403294119923,-8.309527210825784e-05,1.0
0,689203512367814292,0,1,RandomForestClassifier,-0.950551571062346,-0.9024602182774724,-0.8410488443974429,1.0
0,-5981119424268564462,0,0,RandomForestClassifier,-0.3360154666855516,-0.18414153380573664,-0.0007100913156541377,1.0
0,-5981119424268564462,0,1,RandomForestClassifier,-1.340116599301178,-1.2736841433041783,-1.1904333952730561,1.0
0,-5249557742319277329,1,0,RandomForestClassifier,-1.5350165301458094,-1.5103601992597615,-1.4983257272216493,1.0
0,-5249557742319277329,1,1,RandomForestClassifier,-0.11628389276904061,-0.058825987725508164,-8.101294107110135e-06,1.0
0,-2283496832512344899,0,0,RandomForestClassifier,-0.11538770153511069,-0.06345326278563668,-0.0005299118275554626,1.0
0,-2283496832512344899,0,1,RandomForestClassifier,-1.1613983948096167,-1.1020315744178093,-1.034588429762074,1.0
0,-8235078886270526498,1,0,RandomForestClassifier,-1.1071976022781467,-1.0623083357994367,-1.0286388935742776,1.0
0,-8235078886270526498,1,1,RandomForestClassifier,-0.12281132540301276,-0.06884293986496519,-1.7461817702013605e-05,1.0
0,8361743677887155011,1,0,RandomForestClassifier,-1.2306779131006464,-1.2069801424405313,-1.1944435275627412,1.0
0,8361743677887155011,1,1,RandomForestClassifier,-0.15112277025396284,-0.07754940015812316,-4.4172044910251174e-05,1.0
0,-673109146871590390,1,0,RandomForestClassifier,-1.8138040477831996,-1.7746937588822806,-1.7462394955585079,1.0
0,-673109146871590390,1,1,RandomForestClassifier,-0.14960962554940033,-0.07254223710662876,-0.00019563788126131243,1.0
0,3538481709468243158,0,0,RandomForestClassifier,-0.0896020718634359,-0.046455972253499296,-0.0012702707746090613,1.0
0,3538481709468243158,0,1,RandomForestClassifier,-0.7571167127251625,-0.699478661211982,-0.6255022384851641,1.0
0,3141390408543064301,1,0,RandomForestClassifier,-1.052307156784248,-1.0031497779848049,-0.957844981933478,1.0
0,3141390408543064301,1,1,RandomForestClassifier,-0.1300276352853581,-0.06590601848402562,-0.00024412543455198943,1.0
0,-5291287027796096435,0,0,RandomForestClassifier,-0.15740574474724872,-0.08074043564358,-0.00025674279603693506,1.0
0,-5291287027796096435,0,1,RandomForestClassifier,-1.055464283678455,-1.0310611910983434,-1.0164287586537704,1.0
0,-3669545390379282989,1,0,RandomForestClassifier,-1.9871852880693797,-1.9614166903818273,-1.9454561497096987,1.0
0,-3669545390379282989,1,1,RandomForestClassifier,-0.3028731353261986,-0.16346268082255538,-0.0007668733680611939,1.0
0,-1733593099514943365,0,0,RandomForestClassifier,-0.19549079093436306,-0.10639993485134198,-0.0005609985382381,1.0
0,-1733593099514943365,0,1,RandomForestClassifier,-0.950561740513645,-0.8944359566369692,-0.8502627935850483,1.0
0,-8054553100402963366,1,0,RandomForestClassifier,-1.2884423715290425,-1.2702339258312654,-1.2607842459899057,1.0
0,-8054553100402963366,1,1,RandomForestClassifier,-0.13623262053480545,-0.07055531955608448,-0.00045576372090339046,1.0
0,7742001039758628176,1,0,RandomForestClassifier,-1.1239233608958021,-1.100970020132309,-1.0875042962959287,1.0
0,7742001039758628176,1,1,RandomForestClassifier,-0.15582512381076885,-0.07946559142990832,-0.0020309816755836874,1.0
0,897533698252709822,1,0,RandomForestClassifier,-1.4698069090014838,-1.4553119741032783,-1.447045398070559,1.0
0,897533698252709822,1,1,RandomForestClassifier,-0.13751324600542694,-0.07122614418099296,-0.0031175625172481514,1.0
0,6587815490256989823,0,0,RandomForestClassifier,-0.3911194187465228,-0.2144971280465412,-0.0002363684713146963,1.0
0,6587815490256989823,0,1,RandomForestClassifier,-1.3055936850626293,-1.214957750566946,-1.1041018566652323,1.0
0,5248638627006141910,0,0,RandomForestClassifier,-0.1112434759782055,-0.059263606358331916,-3.6048705059577024e-05,1.0
0,5248638627006141910,0,1,RandomForestClassifier,-0.8864037968190852,-0.8719589125892553,-0.8601028879620392,1.0
0,-5698592074795574380,0,0,RandomForestClassifier,-0.19275984599764562,-0.10688076222811035,-0.00041624605871593,1.0
0,-5698592074795574380,0,1,RandomForestClassifier,-0.8282525153674972,-0.7653911654747054,-0.7202970831210818,1.0
0,5540415386871103628,0,0,RandomForestClassifier,-0.10043187398740662,-0.05261337443460724,-6.258191035635186e-05,1.0
0,5540415386871103628,0,1,RandomForestClassifier,-0.8975574695563495,-0.864114794329192,-0.8044846724062631,1.0
0,307241348697530632,1,0,RandomForestClassifier,-1.3806144814247545,-1.3651831704287343,-1.3563767607365333,1.0
0,307241348697530632,1,1,RandomForestClassifier,-0.1237064946327806,-0.0651068054598637,-0.0004704501356644908,1.0
0,2580541239459249058,1,0,RandomForestClassifier,-1.2832410280547588,-1.2517184208522256,-1.2371490981990139,1.0
0,2580541239459249058,1,1,RandomForestClassifier,-0.11319100357782408,-0.057386938802621,-3.858639027387589e-05,1.0
0,-2633615629027486425,0,0,RandomForestClassifier,-0.1482347165475938,-0.07601919023101948,-0.00041525001018949403,1.0
0,-2633615629027486425,0,1,RandomForestClassifier,-0.8213694671132928,-0.7918591129150195,-0.7739720336855206,1.0
0,1560980624783017653,0,0,RandomForestClassifier,-0.10696130024891859,-0.057761655165034224,-9.303847235264673e-05,1.0
0,1560980624783017653,0,1,RandomForestClassifier,-1.0351028320930808,-1.0032563105371826,-0.952418701340458,1.0
0,-8833526597647508929,0,0,RandomForestClassifier,-0.12489393945230913,-0.06447369718659343,-0.0013842852433733066,1.0
0,-8833526597647508929,0,1,RandomForestClassifier,-0.97293838444071,-0.9560481239632608,-0.9427640336328356,1.0
0,-1562869315194378989,0,0,RandomForestClassifier,-0.11121103958457546,-0.06057733462485015,-5.2137472153379605e-05,1.0
0,-1562869315194378989,0,1,RandomForestClassifier,-0.7952675244024769,-0.7440764857289985,-0.6772485399022374,1.0
0,-149058659341497315,1,0,RandomForestClassifier,-0.7366634239987887,-0.689880619451733,-0.6173927300644653,1.0
0,-149058659341497315,1,1,RandomForestClassifier,-0.12264050263172965,-0.06463045963045318,-0.0001279975171648573,1.0
0,382750387575492907,0,0,RandomForestClassifier,-0.11902079537728125,-0.061604537683695434,-0.0012148181378262013,1.0
0,382750387575492907,0,1,RandomForestClassifier,-1.0198899523384497,-0.9304131259081162,-0.8574036453345166,1.0
0,-2830144896685168467,0,0,RandomForestClassifier,-0.13141867209188307,-0.07077882565244992,-5.786248399441973e-05,1.0
0,-2830144896685168467,0,1,RandomForestClassifier,-0.7272224816160304,-0.6289775020823565,-0.5591841676118894,1.0
1,-3012640739634765469,1,0,SVC,-0.833648985251477,-0.6372541563934427,-0.4436288815407492,1.0
1,-3012640739634765469,1,1,SVC,-0.2788157460918135,-0.15108359312288105,-0.0006704087046330853,1.0
1,-1108354678874250966,0,0,SVC,-0.1703890902326552,-0.09519459245809399,-0.0006134998122629409,1.0
1,-1108354678874250966,0,1,SVC,-0.5941348566798474,-0.50772032124282,-0.42939534479406916,1.0
1,-2932517176225799446,1,0,SVC,-1.1947333072685415,-1.1185130580492288,-1.0499959904722793,1.0
1,-2932517176225799446,1,1,SVC,-0.20049222792511356,-0.1069800194939823,-0.00039396997310925386,1.0
1,5838081886696112550,1,0,SVC,-1.0280839309801255,-0.9514034724553807,-0.8751009202104876,1.0
1,5838081886696112550,1,1,SVC,-0.1877810030050384,-0.0970182271814366,-0.0009891769903708214,1.0
1,3233945921174043463,0,0,SVC,-0.21089978573146914,-0.11199529451944562,-0.0018356509546779698,1.0
1,3233945921174043463,0,1,SVC,-1.4382521183933195,-1.3727769515127175,-1.308797226227996,1.0
1,2019963908412767632,0,0,SVC,-0.19737707293299334,-0.0966608289720664,-0.00010115902900809104,1.0
1,2019963908412767632,0,1,SVC,-0.3204479539748817,-0.19186950704933503,-0.04524049767226976,1.0
1,-6098599901398065201,1,0,SVC,-1.0443287618752493,-0.9049975377333471,-0.7849431278232545,1.0
1,-6098599901398065201,1,1,SVC,-0.22772244297117775,-0.12554598847287812,-0.0023433899293239246,1.0
1,316989519427196222,1,0,SVC,-1.1145304162819072,-0.906338914134302,-0.7216946110509095,1.0
1,316989519427196222,1,1,SVC,-0.30240126212318424,-0.15934804031249117,-4.9108768532812874e-05,1.0
1,5600004575255888294,0,0,SVC,-0.5481792707172843,-0.3057312167858806,-0.0006475932896585768,1.0
1,5600004575255888294,0,1,SVC,-1.6551133144462566,-1.3898728226555885,-1.0678644529871195,1.0
1,5016038845129074004,1,0,SVC,-0.9437538121035143,-0.8470236736940269,-0.7774930137159707,1.0
1,5016038845129074004,1,1,SVC,-0.15529171105268624,-0.08206830227888746,-0.0009138128520707056,1.0
1,-2376974735140670936,1,0,SVC,-0.8167982694948754,-0.5982252978801864,-0.36725170958979003,1.0
1,-2376974735140670936,1,1,SVC,-0.2964493814197585,-0.15359127791286517,-0.0072191871061678126,1.0
1,-3812844483877610726,1,0,SVC,-1.0505649902457623,-0.958614083013303,-0.8822130274727126,1.0
1,-3812844483877610726,1,1,SVC,-0.21145821454712674,-0.11085795634865789,-0.00022710888076948876,1.0
1,-5221560436739141108,1,0,SVC,-0.9095824337143292,-0.8154003887715987,-0.7269947345442929,1.0
1,-5221560436739141108,1,1,SVC,-0.16692464665308973,-0.08799641784464755,-0.000582014310686052,1.0
1,8364972212654991365,1,0,SVC,-0.9789720656396781,-0.7081447186401549,-0.4185963354884795,1.0
1,8364972212654991365,1,1,SVC,-0.31874248632273616,-0.16203866505643538,-3.042604453795672e-05,1.0
1,-1923461349491849849,1,0,SVC,-1.1520354129133858,-1.0953685046333221,-1.0291724893493468,1.0
1,-1923461349491849849,1,1,SVC,-0.1879514397730967,-0.10249289008376802,-3.171985595962212e-05,1.0
1,5785978953907429681,0,0,SVC,-0.1769019625072893,-0.08784671945974654,-0.0014395761206368318,1.0
1,5785978953907429681,0,1,SVC,-1.002495269717376,-0.916106202690709,-0.836832828488953,1.0
1,4535942254650593895,1,0,SVC,-0.801427277098372,-0.6451763800548397,-0.5013914360323097,1.0
1,4535942254650593895,1,1,SVC,-0.22243040091021993,-0.12127063574370198,-0.00028660829839533,1.0
1,8603012482199065683,1,0,SVC,-0.9384675717047211,-0.8401497397179137,-0.7606786150473562,1.0
1,8603012482199065683,1,1,SVC,-0.1733443274775608,-0.09000568618751044,-5.618312174771045e-05,1.0
1,-3366658777320439264,0,0,SVC,-0.38452381483543396,-0.21181927158006036,-0.00016903876757279335,1.0
1,-3366658777320439264,0,1,SVC,-1.8291896821941411,-1.6502537922467446,-1.4639543316379435,1.0
1,-3859010470960782148,0,0,SVC,-0.23297009549122993,-0.11816646220281538,-0.0009853812854874189,1.0
1,-3859010470960782148,0,1,SVC,-1.7421077022366436,-1.6769434714703844,-1.6119495969512563,1.0
1,548585804630680346,0,0,SVC,-1.4745661619035557,-1.0193867871579216,-0.015492309004357274,1.0
1,548585804630680346,0,1,SVC,-3.109244334988809,-2.8389548909516553,-2.53973990386723,1.0
1,6006391957211182779,0,0,SVC,-0.19079678111273327,-0.1025027369070888,-0.003117144164938135,1.0
1,6006391957211182779,0,1,SVC,-1.1269812693210888,-1.0541709609353307,-0.9875108747754492,1.0
1,-9069607776394271183,1,0,SVC,-0.8660340255301792,-0.7726037463991258,-0.7018753898446113,1.0
1,-9069607776394271183,1,1,SVC,-0.16341682502772797,-0.08628996858923439,-0.0027061934615053573,1.0
1,4721299265219939636,0,0,SVC,-0.19005473715474208,-0.10262658050028207,-0.002274730318387652,1.0
1,4721299265219939636,0,1,SVC,-1.3790424505556285,-1.320910282881655,-1.26223578652822,1.0
1,7839105004030157458,1,0,SVC,-1.1877386659513176,-1.1147309186712218,-1.0476454931981891,1.0
1,7839105004030157458,1,1,SVC,-0.1930081140104591,-0.10390978403490854,-0.0010465530777177268,1.0
1,-5969043941816297712,1,0,SVC,-1.072743997000492,-0.9881520089039426,-0.9090283922521664,1.0
1,-5969043941816297712,1,1,SVC,-0.19066996578403145,-0.09658733490050926,-0.00011889245472884724,1.0
1,-7122679374130158787,0,0,SVC,-0.3333616500881462,-0.17798645700074858,-0.0004851478401759479,1.0
1,-7122679374130158787,0,1,SVC,-1.677700753951846,-1.5079804807730988,-1.3346756976376621,1.0
1,-6835509710578304167,1,0,SVC,-1.5403902656236772,-1.3900101251152104,-1.2203614020091453,1.0
1,-6835509710578304167,1,1,SVC,-0.4073025493311913,-0.21367540761680448,-0.0007392112434040365,1.0
1,-9151945997637674247,0,0,SVC,-0.19529129401080536,-0.10418114996369639,-0.00026520963214671234,1.0
1,-9151945997637674247,0,1,SVC,-1.4760358640762081,-1.404356013221955,-1.3459724736642666,1.0
1,8845407985761765588,1,0,SVC,-0.8328863514593333,-0.7122951097475787,-0.6142978709422554,1.0
1,8845407985761765588,1,1,SVC,-0.18830051179433985,-0.09662091531267192,-7.68187790922692e-06,1.0
1,-3012640739634765469,1,0,MLPClassifier,-0.7950944305876061,-0.6128890127469149,-0.42373383762181954,1.0
1,-3012640739634765469,1,1,MLPClassifier,-0.2803014209510084,-0.15193662189667145,-0.0006704087046330853,1.0
1,-1108354678874250966,0,0,MLPClassifier,-0.18157244768556713,-0.10003461811887665,-0.00017164784390910626,1.0
1,-1108354678874250966,0,1,MLPClassifier,-0.6003749359734372,-0.519636666757654,-0.45082281886010683,1.0
1,-2932517176225799446,1,0,MLPClassifier,-1.1291306002282075,-1.0519248854103598,-0.9912440844881248,1.0
1,-2932517176225799446,1,1,MLPClassifier,-0.201908913913463,-0.10586583040696254,-0.00039396997310925386,1.0
1,5838081886696112550,1,0,MLPClassifier,-0.927724285036597,-0.8552797769258422,-0.7929169741464869,1.0
1,5838081886696112550,1,1,MLPClassifier,-0.1919154354790232,-0.10350457766271323,-0.0009891769903708214,1.0
1,3233945921174043463,0,0,MLPClassifier,-0.20438820022983745,-0.10806568016487171,-0.00011887642468577653,1.0
1,3233945921174043463,0,1,MLPClassifier,-1.465774643858092,-1.3841383442421764,-1.3111541904447102,1.0
1,2019963908412767632,0,0,MLPClassifier,-0.1889059665021715,-0.09289597502446487,-0.00010115902900809104,1.0
1,2019963908412767632,0,1,MLPClassifier,-0.34751893991686306,-0.22011470171630065,-0.10719864882767435,1.0
1,-6098599901398065201,1,0,MLPClassifier,-1.0692419307131003,-0.9249489816618728,-0.8058439878149168,1.0
1,-6098599901398065201,1,1,MLPClassifier,-0.22818951271621388,-0.12081821716057312,-0.000566817114005469,1.0
1,316989519427196222,1,0,MLPClassifier,-1.07600589753227,-0.8930700177612421,-0.7000812054589785,1.0
1,316989519427196222,1,1,MLPClassifier,-0.2990975327984619,-0.157781179270946,-4.9108768532812874e-05,1.0
1,5600004575255888294,0,0,MLPClassifier,-0.5642155401274271,-0.3140601822949419,-0.000996860221456064,1.0
1,5600004575255888294,0,1,MLPClassifier,-1.8062326632085552,-1.5560358454513472,-1.2786374931620021,1.0
1,5016038845129074004,1,0,MLPClassifier,-0.8824330171563145,-0.7980703231442119,-0.73230200416317,1.0
1,5016038845129074004,1,1,MLPClassifier,-0.1522640344503119,-0.07871190160357466,-0.0003173178450603942,1.0
1,-2376974735140670936,1,0,MLPClassifier,-0.85574993694377,-0.6046074414040375,-0.31881794813260317,1.0
1,-2376974735140670936,1,1,MLPClassifier,-0.2984680949979269,-0.15623712356683986,-4.715393196846884e-05,1.0
1,-3812844483877610726,1,0,MLPClassifier,-1.0584283567627568,-0.9669322934788052,-0.8882475279799662,1.0
1,-3812844483877610726,1,1,MLPClassifier,-0.202719637661508,-0.10463766841685232,-0.00022710888076948876,1.0
1,-5221560436739141108,1,0,MLPClassifier,-0.8763633954026872,-0.7819150488867879,-0.7089587224540654,1.0
1,-5221560436739141108,1,1,MLPClassifier,-0.15238159671025908,-0.08149735634271024,-0.00018750542700041173,1.0
1,8364972212654991365,1,0,MLPClassifier,-0.9202239924387383,-0.655988866595872,-0.36136137235623195,1.0
1,8364972212654991365,1,1,MLPClassifier,-0.3182260812497494,-0.15991768096309072,-3.042604453795672e-05,1.0
1,-1923461349491849849,1,0,MLPClassifier,-1.0993993310968042,-1.0176605213571999,-0.9483533463382555,1.0
1,-1923461349491849849,1,1,MLPClassifier,-0.1914954460607807,-0.1046214713514818,-3.171985595962212e-05,1.0
1,5785978953907429681,0,0,MLPClassifier,-0.19871919888000658,-0.10140426617530823,-0.0014395761206368318,1.0
1,5785978953907429681,0,1,MLPClassifier,-0.9833426684886276,-0.9128441996337876,-0.8573747846387365,1.0
1,4535942254650593895,1,0,MLPClassifier,-0.8060997250352551,-0.6609178332211458,-0.5250662294056758,1.0
1,4535942254650593895,1,1,MLPClassifier,-0.21774295120068546,-0.11644379941667393,-0.00028660829839533,1.0
1,8603012482199065683,1,0,MLPClassifier,-0.8969344896020197,-0.807912280886463,-0.7409101429010578,1.0
1,8603012482199065683,1,1,MLPClassifier,-0.16615564277697792,-0.08692012530871031,-5.618312174771045e-05,1.0
1,-3366658777320439264,0,0,MLPClassifier,-0.3662464613955221,-0.19416832886703841,-0.00016903876757279335,1.0
1,-3366658777320439264,0,1,MLPClassifier,-1.8899500224432526,-1.7607827171253088,-1.650387977518317,1.0
1,-3859010470960782148,0,0,MLPClassifier,-0.22235397705376514,-0.11159068227447916,-0.0009853812854874189,1.0
1,-3859010470960782148,0,1,MLPClassifier,-1.7681712069534785,-1.7147175681157956,-1.6645702335211348,1.0
1,548585804630680346,0,0,MLPClassifier,-1.4690818693113625,-1.028269416573566,-0.015492309004357274,1.0
1,548585804630680346,0,1,MLPClassifier,-3.2588125961283407,-3.0138463771001494,-2.7059384820969092,1.0
1,6006391957211182779,0,0,MLPClassifier,-0.19418548487143653,-0.10383892578535875,-0.003117144164938135,1.0
1,6006391957211182779,0,1,MLPClassifier,-1.1497582002264197,-1.0812301186204987,-1.0229110056490456,1.0
1,-9069607776394271183,1,0,MLPClassifier,-0.8131092396245029,-0.7244118339751894,-0.6553587413489155,1.0
1,-9069607776394271183,1,1,MLPClassifier,-0.16081744773615214,-0.08435166222492506,-0.0027061934615053573,1.0
1,4721299265219939636,0,0,MLPClassifier,-0.19657794553407812,-0.10546550597688963,-0.002197904494648739,1.0
1,4721299265219939636,0,1,MLPClassifier,-1.3999531075739235,-1.3325624773508502,-1.2786432287030096,1.0
1,7839105004030157458,1,0,MLPClassifier,-1.1314096278575945,-1.0520183689862497,-0.9898832961306658,1.0
1,7839105004030157458,1,1,MLPClassifier,-0.1986609126445822,-0.10588090103292644,-0.00044288628896849147,1.0
1,-5969043941816297712,1,0,MLPClassifier,-0.99180334137556,-0.9098996085279617,-0.845474048163816,1.0
1,-5969043941816297712,1,1,MLPClassifier,-0.17970473507690166,-0.09072777555888756,-0.00011889245472884724,1.0
1,-7122679374130158787,0,0,MLPClassifier,-0.3331891376764423,-0.17725194238031128,-0.0004851478401759479,1.0
1,-7122679374130158787,0,1,MLPClassifier,-1.7457831947704434,-1.6215182258754874,-1.5101157096304596,1.0
1,-6835509710578304167,1,0,MLPClassifier,-1.399494841811644,-1.2241306017756124,-1.0179127741292318,1.0
1,-6835509710578304167,1,1,MLPClassifier,-0.4059423167097195,-0.21760533438661211,-0.0007392112434040365,1.0
1,-9151945997637674247,0,0,MLPClassifier,-0.19786454674204362,-0.10247284438002295,-0.00026520963214671234,1.0
1,-9151945997637674247,0,1,MLPClassifier,-1.5053899356766076,-1.4433520851654038,-1.3933449824389528,1.0
1,8845407985761765588,1,0,MLPClassifier,-0.8374447854217337,-0.7206655839135091,-0.6275675580213526,1.0
1,8845407985761765588,1,1,MLPClassifier,-0.18598902554814364,-0.09689394728537004,-7.68187790922692e-06,1.0
1,-3012640739634765469,1,0,RandomForestClassifier,-0.5592873145513224,-0.33422279663360177,-0.077662263382553,1.0
1,-3012640739634765469,1,1,RandomForestClassifier,-0.3513332893939146,-0.17552066687824963,-0.0006704087046330853,1.0
1,-1108354678874250966,0,0,RandomForestClassifier,-0.17288636750740452,-0.09495196401653377,-0.00017164784390910626,1.0
1,-1108354678874250966,0,1,RandomForestClassifier,-0.821877637930585,-0.7586698372960925,-0.6930269630308178,1.0
1,-2932517176225799446,1,0,RandomForestClassifier,-0.8190573092367007,-0.7337033453582064,-0.678550212663083,1.0
1,-2932517176225799446,1,1,RandomForestClassifier,-0.19982945831117294,-0.1023878793060938,-0.00015355516899973054,1.0
1,5838081886696112550,1,0,RandomForestClassifier,-0.6634073921788132,-0.5610661663362451,-0.463828878682831,1.0
1,5838081886696112550,1,1,RandomForestClassifier,-0.1812909721022424,-0.09828206966149619,-0.0009891769903708214,1.0
1,3233945921174043463,0,0,RandomForestClassifier,-0.20449673180406955,-0.10666782415730702,-0.00011887642468577653,1.0
1,3233945921174043463,0,1,RandomForestClassifier,-1.604772262448776,-1.5541762487747863,-1.5262480773505804,1.0
1,2019963908412767632,0,0,RandomForestClassifier,-0.16296195486999063,-0.08782397162968078,-0.0002887218004975732,1.0
1,2019963908412767632,0,1,RandomForestClassifier,-0.5182991732183315,-0.4469282447917724,-0.39844024229926334,1.0
1,-6098599901398065201,1,0,RandomForestClassifier,-0.7485212773998747,-0.5324006975453767,-0.24421702784503496,1.0
1,-6098599901398065201,1,1,RandomForestClassifier,-0.23400512615917568,-0.12727832121134292,-0.000566817114005469,1.0
1,316989519427196222,1,0,RandomForestClassifier,-0.7532412569213254,-0.4879223888203044,-0.03200494380120883,1.0
1,316989519427196222,1,1,RandomForestClassifier,-0.2873735878748127,-0.15255172060583397,-4.9108768532812874e-05,1.0
1,5600004575255888294,0,0,RandomForestClassifier,-0.5444007706130596,-0.3109822145667792,-0.0024738335205978235,1.0
1,5600004575255888294,0,1,RandomForestClassifier,-2.1024801930595065,-1.9412601838220234,-1.7796372813931982,1.0
1,5016038845129074004,1,0,RandomForestClassifier,-0.5765234573300004,-0.5072078327129728,-0.4629581253928401,1.0
1,5016038845129074004,1,1,RandomForestClassifier,-0.14978679616727686,-0.08001995009690435,-0.0001917470578887137,1.0
1,-2376974735140670936,1,0,RandomForestClassifier,-0.6146176195538321,-0.4608182706045175,-0.26836754865892226,1.0
1,-2376974735140670936,1,1,RandomForestClassifier,-0.2853309876984292,-0.14519105858261822,-0.0016400000447234775,1.0
1,-3812844483877610726,1,0,RandomForestClassifier,-0.781949187728354,-0.7174826010434558,-0.6625654394527569,1.0
1,-3812844483877610726,1,1,RandomForestClassifier,-0.20563015343612728,-0.10699372167078497,-0.00022710888076948876,1.0
1,-5221560436739141108,1,0,RandomForestClassifier,-0.5748406091675092,-0.5080890766881392,-0.4592454302272841,1.0
1,-5221560436739141108,1,1,RandomForestClassifier,-0.1668546873325862,-0.08915912840917391,-0.000582014310686052,1.0
1,8364972212654991365,1,0,RandomForestClassifier,-0.7652667267137566,-0.6034031820152723,-0.42704670523003374,1.0
1,8364972212654991365,1,1,RandomForestClassifier,-0.3329073781672952,-0.172407308634321,-3.042604453795672e-05,1.0
1,-1923461349491849849,1,0,RandomForestClassifier,-0.7970414818478878,-0.7134885006344863,-0.6336567273677148,1.0
1,-1923461349491849849,1,1,RandomForestClassifier,-0.21506753050838487,-0.11741760649947235,-3.171985595962212e-05,1.0
1,5785978953907429681,0,0,RandomForestClassifier,-0.17180187566582972,-0.08495192327884041,-0.005941730514190335,1.0
1,5785978953907429681,0,1,RandomForestClassifier,-1.1721267673338278,-1.1318486621360744,-1.0994844402852073,1.0
1,4535942254650593895,1,0,RandomForestClassifier,-0.5402783680072117,-0.37905433188062426,-0.12438429532797575,1.0
1,4535942254650593895,1,1,RandomForestClassifier,-0.21813822624873488,-0.1138692227713864,-0.00028660829839533,1.0
1,8603012482199065683,1,0,RandomForestClassifier,-0.6620183887754427,-0.5680905373310543,-0.4761791039931331,1.0
1,8603012482199065683,1,1,RandomForestClassifier,-0.17130846785904788,-0.08764413056130517,-5.618312174771045e-05,1.0
1,-3366658777320439264,0,0,RandomForestClassifier,-0.3694517912134727,-0.19724180487562182,-0.00016903876757279335,1.0
1,-3366658777320439264,0,1,RandomForestClassifier,-2.195674289405535,-2.098540688850783,-2.016238538613239,1.0
1,-3859010470960782148,0,0,RandomForestClassifier,-0.22850510969427207,-0.1124659020523242,-0.0009853812854874189,1.0
1,-3859010470960782148,0,1,RandomForestClassifier,-2.012337674499337,-1.961349035061472,-1.9309962914535153,1.0
1,548585804630680346,0,0,RandomForestClassifier,-1.4396428656441036,-0.9989589061152706,-0.015492309004357274,1.0
1,548585804630680346,0,1,RandomForestClassifier,-3.570578006343345,-3.415858757624285,-3.2463581704798754,1.0
1,6006391957211182779,0,0,RandomForestClassifier,-0.18174443207172875,-0.09572601958393624,-0.0016292642422035541,1.0
1,6006391957211182779,0,1,RandomForestClassifier,-1.3957569671714936,-1.3245925199942368,-1.280457048200988,1.0
1,-9069607776394271183,1,0,RandomForestClassifier,-0.5048372871901594,-0.4347215946270571,-0.3834295175724508,1.0
1,-9069607776394271183,1,1,RandomForestClassifier,-0.16410581260156154,-0.08504388477261489,-0.0030770787686797973,1.0
1,4721299265219939636,0,0,RandomForestClassifier,-0.20331541199511638,-0.10528626985883795,-0.0003782471124212927,1.0
1,4721299265219939636,0,1,RandomForestClassifier,-1.57812563488035,-1.5430620754427378,-1.5169723192562103,1.0
1,7839105004030157458,1,0,RandomForestClassifier,-0.8241791096527147,-0.7333426416210914,-0.6753484078075352,1.0
1,7839105004030157458,1,1,RandomForestClassifier,-0.20357650843460454,-0.10564961351538091,-0.00044288628896849147,1.0
1,-5969043941816297712,1,0,RandomForestClassifier,-0.6941007486785771,-0.6020306093227685,-0.5286960330262607,1.0
1,-5969043941816297712,1,1,RandomForestClassifier,-0.19944058392570888,-0.10356111523167713,-0.00011889245472884724,1.0
1,-7122679374130158787,0,0,RandomForestClassifier,-0.34115707585515387,-0.18482245408515383,-0.0013676926826398095,1.0
1,-7122679374130158787,0,1,RandomForestClassifier,-2.09317354288143,-1.968679608488521,-1.8594850927163278,1.0
1,-6835509710578304167,1,0,RandomForestClassifier,-0.9486423594422198,-0.7374105860262348,-0.5313733083247935,1.0
1,-6835509710578304167,1,1,RandomForestClassifier,-0.4111402812230746,-0.21509204014567074,-0.0005527095455478692,1.0
1,-9151945997637674247,0,0,RandomForestClassifier,-0.19299147697075988,-0.10009860665012345,-0.00012366763092774846,1.0
1,-9151945997637674247,0,1,RandomForestClassifier,-1.7501557108025734,-1.6916609883956244,-1.661563190175114,1.0
1,8845407985761765588,1,0,RandomForestClassifier,-0.5727773358279538,-0.4842216646064089,-0.4252845414334394,1.0
1,8845407985761765588,1,1,RandomForestClassifier,-0.19982396929683693,-0.10433635682926791,-7.68187790922692e-06,1.0
2,-4952153840130811040,1,0,SVC,-0.9555311254869685,-0.7827923368683869,-0.6255420281836077,1.0
2,-4952153840130811040,1,1,SVC,-0.23777016727693073,-0.12182633949784828,-0.0008015474423665458,1.0
2,-8180358305058973135,1,0,SVC,-2.3611306669053698,-2.0297788503966596,-1.62819121982103,1.0
2,-8180358305058973135,1,1,SVC,-0.9249272443023927,-0.5501315880467091,-0.001661963474687056,1.0
2,1077130673181224841,0,0,SVC,-0.1912959233212952,-0.10191901579778469,-0.0006962610155070159,1.0
2,1077130673181224841,0,1,SVC,-0.8256245561862984,-0.724184393254106,-0.6335070277834711,1.0
2,7824441696368068356,0,0,SVC,-0.20990928983977228,-0.1097712298078518,-3.103795035164225e-05,1.0
2,7824441696368068356,0,1,SVC,-0.6825889095824671,-0.5645742310116898,-0.46173959881087023,1.0
2,-7099766644069436247,0,0,SVC,-0.31809002657312585,-0.17158426097157733,-0.001233860490236105,1.0
2,-7099766644069436247,0,1,SVC,-0.961061977100695,-0.7795407100065118,-0.5939718333183804,1.0
2,2952636329880601171,0,0,SVC,-0.23763327594677455,-0.12488239243170753,-0.0021598358957137798,1.0
2,2952636329880601171,0,1,SVC,-1.2245233160939624,-1.1419119426791802,-1.0606298136595391,1.0
2,2310664626834535882,0,0,SVC,-0.34290378456100784,-0.1819904075150582,-0.00023159462819660748,1.0
2,2310664626834535882,0,1,SVC,-2.259924218575687,-2.1929806413573134,-2.1266995659904406,1.0
2,346391129056543772,0,0,SVC,-0.2036411249859734,-0.11185954644096305,-0.00012743577013929475,1.0
2,346391129056543772,0,1,SVC,-0.6886469266771006,-0.5395095687323799,-0.38523102934378817,1.0
2,6464503103074637992,0,0,SVC,-0.27416693812650045,-0.15013293549220105,-0.0002992693571028937,1.0
2,6464503103074637992,0,1,SVC,-0.9512823810666352,-0.8207741684760412,-0.7043244713727114,1.0
2,4242265981117671083,0,0,SVC,-0.19074155433566697,-0.10112904831787989,-0.00031072418669497726,1.0
2,4242265981117671083,0,1,SVC,-0.8084529820153485,-0.6740148249835914,-0.5928040841661233,1.0
2,-1586295018002294931,0,0,SVC,-0.1923884654488974,-0.09565800485732978,-0.0003421660383637892,1.0
2,-1586295018002294931,0,1,SVC,-0.88770413887614,-0.7571008439916168,-0.6737859334386329,1.0
2,2538519229592284443,1,0,SVC,-1.8608371651234743,-1.7797982927312095,-1.6963154703199994,1.0
2,2538519229592284443,1,1,SVC,-0.2950313409149669,-0.1616429057355478,-0.0015962087454819418,1.0
2,-2626555103020767215,0,0,SVC,-0.2660790364768024,-0.14288589549564137,-0.004709920220021813,1.0
2,-2626555103020767215,0,1,SVC,-0.6550244242916259,-0.5084724288452586,-0.3648545607176214,1.0
2,-209660562513223825,0,0,SVC,-0.21072592720768435,-0.11695681432824662,-0.00047908079536784776,1.0
2,-209660562513223825,0,1,SVC,-0.8488698362102352,-0.7028056883883458,-0.5663723429436531,1.0
2,-8046050884548771045,0,0,SVC,-0.5279779490537284,-0.26402219827577944,-0.00026913287610264014,1.0
2,-8046050884548771045,0,1,SVC,-1.911860891682695,-1.6944226978585408,-1.415208048405629,1.0
2,-6359590284046641705,1,0,SVC,-1.8250985747134998,-1.6393595945562864,-1.4497209928526367,1.0
2,-6359590284046641705,1,1,SVC,-0.38511710062470944,-0.21842923526768374,-0.0012367002852839981,1.0
2,-8773779750260989376,1,0,SVC,-2.45296600437798,-2.3787065798369094,-2.27990996484446,1.0
2,-8773779750260989376,1,1,SVC,-0.42950427931878116,-0.2327680937412742,-0.00012644301503716981,1.0
2,-3202790975708511168,1,0,SVC,-1.0127839688685325,-0.9507034884598793,-0.9094597655970551,1.0
2,-3202790975708511168,1,1,SVC,-0.21010100057452,-0.10969898393212266,-0.002510855436866022,1.0
2,3722421417960290085,0,0,SVC,-0.6894529306346697,-0.36085139283219414,-0.0012915670218103248,1.0
2,3722421417960290085,0,1,SVC,-2.056881398146958,-1.8715414628502323,-1.449905914404594,1.0
2,3986633746285301165,0,0,SVC,-0.26790041387602465,-0.142204574876696,-0.006054225106129962,1.0
2,3986633746285301165,0,1,SVC,-1.382465291880505,-1.3000573124679697,-1.2131360270744334,1.0
2,7201927549319644968,1,0,SVC,-0.3948974807901443,-0.25057788342628273,-0.12511491747034786,1.0
2,7201927549319644968,1,1,SVC,-0.19608295697728612,-0.09648640059717896,-0.0004617884835120753,1.0
2,-306816251174643923,0,0,SVC,-0.22079360311507812,-0.11692043709856083,-0.0008939430416575744,1.0
2,-306816251174643923,0,1,SVC,-0.7977959868234408,-0.6414711828475772,-0.4808315708633601,1.0
2,-8831345221221541584,1,0,SVC,-2.0999328759697953,-1.9390303077556164,-1.7345042395226757,1.0
2,-8831345221221541584,1,1,SVC,-0.4248155236167582,-0.2151831925099908,-0.0023825806408646066,1.0
2,-7564929819603504193,1,0,SVC,-1.6457829185292276,-1.5144452409522675,-1.3775198354688243,1.0
2,-7564929819603504193,1,1,SVC,-0.3181908110067677,-0.1764200079767141,-0.002182917070205681,1.0
2,-2282893715063036880,1,0,SVC,-0.6101805617176564,-0.3976962056216469,-0.16289918611025694,1.0
2,-2282893715063036880,1,1,SVC,-0.24298314522160247,-0.12133021489448585,-7.573063654797707e-05,1.0
2,4649448682945925248,1,0,SVC,-0.8173267606097694,-0.4716985381937478,-0.14216232619105115,1.0
2,4649448682945925248,1,1,SVC,-0.4844917342510097,-0.2252639291618589,-0.001949647252503189,1.0
2,-5127282388684841568,0,0,SVC,-0.19095672358994675,-0.09435332016904048,-0.0005202263885883962,1.0
2,-5127282388684841568,0,1,SVC,-0.955292181696648,-0.8691333080681961,-0.798445333997407,1.0
2,-2553827169339776703,0,0,SVC,-0.24812777961849763,-0.1305961423054285,-0.0020109308363895906,1.0
2,-2553827169339776703,0,1,SVC,-1.861859128409009,-1.7285322156134728,-1.6576188530779437,1.0
2,7169608800922729972,1,0,SVC,-1.2219981673002303,-1.130179754083444,-1.0579744931972501,1.0
2,7169608800922729972,1,1,SVC,-0.22695970283917,-0.1221345623674319,-0.0025442428873319045,1.0
2,7490007655739435107,1,0,SVC,-0.5075174697876312,-0.35778183929186425,-0.24034504626775635,1.0
2,7490007655739435107,1,1,SVC,-0.19340660647581062,-0.09911884203308319,-0.0003817724729209271,1.0
2,-4952153840130811040,1,0,MLPClassifier,-0.9879393323683032,-0.8303543072152353,-0.694047308654189,1.0
2,-4952153840130811040,1,1,MLPClassifier,-0.24110543221808853,-0.12454121953679595,-0.0008015474423665458,1.0
2,-8180358305058973135,1,0,MLPClassifier,-2.2895007451479823,-1.9633515169178581,-1.560697649759246,1.0
2,-8180358305058973135,1,1,MLPClassifier,-0.9133772736604509,-0.5244179853920491,-0.005283615484867887,1.0
2,1077130673181224841,0,0,MLPClassifier,-0.18702417581918954,-0.09852748162337206,-0.0006962610155070159,1.0
2,1077130673181224841,0,1,MLPClassifier,-0.8265300262965886,-0.7351621339809522,-0.6473936680231301,1.0
2,7824441696368068356,0,0,MLPClassifier,-0.2020229442390914,-0.10373264874930464,-0.00166874607051537,1.0
2,7824441696368068356,0,1,MLPClassifier,-0.6283372824074349,-0.5201407744578924,-0.43519466092811937,1.0
2,-7099766644069436247,0,0,MLPClassifier,-0.3011194700716378,-0.16281096551173813,-0.001233860490236105,1.0
2,-7099766644069436247,0,1,MLPClassifier,-0.839231977923482,-0.6371141794417912,-0.45011809467045066,1.0
2,2952636329880601171,0,0,MLPClassifier,-0.23878283788433902,-0.12564602004130063,-0.0021598358957137798,1.0
2,2952636329880601171,0,1,MLPClassifier,-1.2471613823595158,-1.1644495814259068,-1.088840587395926,1.0
2,2310664626834535882,0,0,MLPClassifier,-0.34053083810663926,-0.1761430038019839,-0.00023159462819660748,1.0
2,2310664626834535882,0,1,MLPClassifier,-2.288152241270925,-2.219181037569638,-2.1474572448104623,1.0
2,346391129056543772,0,0,MLPClassifier,-0.20043066234159146,-0.10806530863925805,-0.00012743577013929475,1.0
2,346391129056543772,0,1,MLPClassifier,-0.7060036297853618,-0.5690351913397899,-0.42187099805499045,1.0
2,6464503103074637992,0,0,MLPClassifier,-0.2609747017847747,-0.14401202371355726,-0.0002992693571028937,1.0
2,6464503103074637992,0,1,MLPClassifier,-0.8603281901788492,-0.7346715417344368,-0.6212789149873262,1.0
2,4242265981117671083,0,0,MLPClassifier,-0.1779477762301473,-0.0934083388950562,-0.0005003127484037861,1.0
2,4242265981117671083,0,1,MLPClassifier,-0.8373817906129837,-0.6931241848242222,-0.5885392913674714,1.0
2,-1586295018002294931,0,0,MLPClassifier,-0.18970801905125162,-0.09496662956353283,-0.00013749539575558245,1.0
2,-1586295018002294931,0,1,MLPClassifier,-0.9298005734762098,-0.7695565589669737,-0.6684728902002759,1.0
2,2538519229592284443,1,0,MLPClassifier,-1.80634858130285,-1.741986443872158,-1.6598075327230204,1.0
2,2538519229592284443,1,1,MLPClassifier,-0.28814395926417297,-0.1584481395548961,-0.0015962087454819418,1.0
2,-2626555103020767215,0,0,MLPClassifier,-0.26056005445450015,-0.14195317800602625,-0.0005055682330846745,1.0
2,-2626555103020767215,0,1,MLPClassifier,-0.5891936573696609,-0.4239688140442845,-0.2706312345574776,1.0
2,-209660562513223825,0,0,MLPClassifier,-0.20798379812614376,-0.11310685302074594,-0.0018842362405273594,1.0
2,-209660562513223825,0,1,MLPClassifier,-0.8812123300091834,-0.7531426449949513,-0.6072341212580894,1.0
2,-8046050884548771045,0,0,MLPClassifier,-0.5355286317426959,-0.2708101362862753,-0.0008792458441202466,1.0
2,-8046050884548771045,0,1,MLPClassifier,-1.9351349125144257,-1.7237366915042718,-1.466992419899039,1.0
2,-6359590284046641705,1,0,MLPClassifier,-1.8867358532666985,-1.7183827125944906,-1.595337762525438,1.0
2,-6359590284046641705,1,1,MLPClassifier,-0.41148066000671096,-0.23646781549916168,-0.0014720017814013886,1.0
2,-8773779750260989376,1,0,MLPClassifier,-2.4385958345288965,-2.343442536060152,-2.222924674089271,1.0
2,-8773779750260989376,1,1,MLPClassifier,-0.41278625483630904,-0.22349820561671582,-0.00021063099720908252,1.0
2,-3202790975708511168,1,0,MLPClassifier,-1.005463101335864,-0.948041947360266,-0.9147949577821048,1.0
2,-3202790975708511168,1,1,MLPClassifier,-0.20820232907336825,-0.11137922984672514,-0.0006324640995748476,1.0
2,3722421417960290085,0,0,MLPClassifier,-0.6726854810214574,-0.34891962310532,-0.0012915670218103248,1.0
2,3722421417960290085,0,1,MLPClassifier,-3.174781665570727,-3.095318061182363,-3.0026289705946385,1.0
2,3986633746285301165,0,0,MLPClassifier,-0.2702989300022829,-0.14635390749999608,-0.0018229507430849168,1.0
2,3986633746285301165,0,1,MLPClassifier,-1.3438882414317885,-1.2455762424915164,-1.1568403900910538,1.0
2,7201927549319644968,1,0,MLPClassifier,-0.4126143885648118,-0.2539094076392759,-0.11023210082858637,1.0
2,7201927549319644968,1,1,MLPClassifier,-0.20457210127600498,-0.09924591963908767,-0.0004617884835120753,1.0
2,-306816251174643923,0,0,MLPClassifier,-0.24357180767761333,-0.12379702395760742,-0.0008939430416575744,1.0
2,-306816251174643923,0,1,MLPClassifier,-0.8343167693265509,-0.6834182858956594,-0.5315389499748852,1.0
2,-8831345221221541584,1,0,MLPClassifier,-2.090047714959416,-1.9041440030725243,-1.6777544131652247,1.0
2,-8831345221221541584,1,1,MLPClassifier,-0.44366675425731034,-0.22833571264721764,-0.0023825806408646066,1.0
2,-7564929819603504193,1,0,MLPClassifier,-1.5987070702157213,-1.4697252618665175,-1.312780139699477,1.0
2,-7564929819603504193,1,1,MLPClassifier,-0.30303333272092053,-0.16409752935955424,-0.00398759484076594,1.0
2,-2282893715063036880,1,0,MLPClassifier,-0.668702416712085,-0.45877223332780004,-0.26220569912400565,1.0
2,-2282893715063036880,1,1,MLPClassifier,-0.22404927699557986,-0.11723161142335162,-7.573063654797707e-05,1.0
2,4649448682945925248,1,0,MLPClassifier,-0.8691870693795338,-0.5933289710527833,-0.3217966208342526,1.0
2,4649448682945925248,1,1,MLPClassifier,-0.3461870318454058,-0.17958297196415965,-0.005985122060844001,1.0
2,-5127282388684841568,0,0,MLPClassifier,-0.2090954397782905,-0.10880833235341077,-0.0005202263885883962,1.0
2,-5127282388684841568,0,1,MLPClassifier,-0.9874059276329797,-0.9045809710288807,-0.8236791115766298,1.0
2,-2553827169339776703,0,0,MLPClassifier,-0.2649176163418949,-0.1431079467277594,-0.0020109308363895906,1.0
2,-2553827169339776703,0,1,MLPClassifier,-1.8632548620713743,-1.7343765680969618,-1.6523058098395866,1.0
2,7169608800922729972,1,0,MLPClassifier,-1.1752656788845457,-1.115615526264666,-1.0740249588669428,1.0
2,7169608800922729972,1,1,MLPClassifier,-0.24380448612412803,-0.12914408185390885,-0.0014060759940068834,1.0
2,7490007655739435107,1,0,MLPClassifier,-0.5086858820458039,-0.3712933084223166,-0.26307701598392186,1.0
2,7490007655739435107,1,1,MLPClassifier,-0.1857521833439653,-0.09373779558227663,-0.000254180492744116,1.0
2,-4952153840130811040,1,0,RandomForestClassifier,-1.1415564799681563,-0.9374214452532066,-0.7040437110261363,1.0
2,-4952153840130811040,1,1,RandomForestClassifier,-0.23651912856247792,-0.1230080044660938,-0.0008015474423665458,1.0
2,-8180358305058973135,1,0,RandomForestClassifier,-2.474917341998654,-2.1275463802600454,-1.494306523471148,1.0
2,-8180358305058973135,1,1,RandomForestClassifier,-0.9790947513001205,-0.5796117164052554,-0.005283615484867887,1.0
2,1077130673181224841,0,0,RandomForestClassifier,-0.19125502974942607,-0.10144940312874774,-0.0006962610155070159,1.0
2,1077130673181224841,0,1,RandomForestClassifier,-0.6508431051424816,-0.4552448730140316,-0.2959185189626997,1.0
2,7824441696368068356,0,0,RandomForestClassifier,-0.2222702283469892,-0.1105134251327701,-0.00166874607051537,1.0
2,7824441696368068356,0,1,RandomForestClassifier,-0.38048915142189527,-0.2506511563172433,-0.1400060855943125,1.0
2,-7099766644069436247,0,0,RandomForestClassifier,-0.38531373040660094,-0.1992181921747222,-0.001233860490236105,1.0
2,-7099766644069436247,0,1,RandomForestClassifier,-0.5997247905713523,-0.35518779310220133,-0.08775720544715504,1.0
2,2952636329880601171,0,0,RandomForestClassifier,-0.2200988447913758,-0.11789330449506799,-0.0021598358957137798,1.0
2,2952636329880601171,0,1,RandomForestClassifier,-1.0616155950786663,-0.8453276407767494,-0.7219462609655527,1.0
2,2310664626834535882,0,0,RandomForestClassifier,-0.3704544435250452,-0.1855332498640974,-0.00023159462819660748,1.0
2,2310664626834535882,0,1,RandomForestClassifier,-2.0737826474243994,-1.8658446619814557,-1.6293430218625395,1.0
2,346391129056543772,1,0,RandomForestClassifier,-0.29289673502409724,-0.18716357205114365,-0.08058075384427932,1.0
2,346391129056543772,1,1,RandomForestClassifier,-0.37087062748776534,-0.169125731744316,-0.00012743577013929475,1.0
2,6464503103074637992,0,0,RandomForestClassifier,-0.2635043528322034,-0.14043323990655382,-0.0002992693571028937,1.0
2,6464503103074637992,0,1,RandomForestClassifier,-0.5615708897553106,-0.41055558879667464,-0.3019518385728637,1.0
2,4242265981117671083,0,0,RandomForestClassifier,-0.19302784031187492,-0.10310079769594378,-0.0001805240855358159,1.0
2,4242265981117671083,0,1,RandomForestClassifier,-0.6456802461802559,-0.44736469205869617,-0.23723506016480492,1.0
2,-1586295018002294931,0,0,RandomForestClassifier,-0.18781399762971623,-0.09778195326641972,-0.0009102289702398458,1.0
2,-1586295018002294931,0,1,RandomForestClassifier,-0.6452677936982438,-0.4734957211264814,-0.14860375012488553,1.0
2,2538519229592284443,1,0,RandomForestClassifier,-1.8785122738263866,-1.6930722927379485,-0.6906792959046935,1.0
2,2538519229592284443,1,1,RandomForestClassifier,-0.2917370076582656,-0.15994028620704687,-0.0015962087454819418,1.0
2,-2626555103020767215,1,0,RandomForestClassifier,-0.41562057378127704,-0.2381127539512467,-0.060061568389194075,1.0
2,-2626555103020767215,1,1,RandomForestClassifier,-0.37604107549750676,-0.1908749832667549,-0.0005055682330846745,1.0
2,-209660562513223825,0,0,RandomForestClassifier,-0.22041620450447197,-0.11792814025128283,-0.0018842362405273594,1.0
2,-209660562513223825,0,1,RandomForestClassifier,-0.5683333603824119,-0.37649206517781436,-0.11228114761176974,1.0
2,-8046050884548771045,0,0,RandomForestClassifier,-0.5277700900024649,-0.26442116515843317,-0.0008792458441202466,1.0
2,-8046050884548771045,0,1,RandomForestClassifier,-1.5463824556237946,-1.2574512831158358,-0.9666657755224775,1.0
2,-6359590284046641705,1,0,RandomForestClassifier,-2.044854616087249,-1.8329295867616546,-1.6294061221780303,1.0
2,-6359590284046641705,1,1,RandomForestClassifier,-0.40237310481566513,-0.22807669931669303,-0.0014720017814013886,1.0
2,-8773779750260989376,1,0,RandomForestClassifier,-2.547879740976489,-2.284392045324383,-1.1468661810582441,1.0
2,-8773779750260989376,1,1,RandomForestClassifier,-0.41851872398504386,-0.22268913422366496,-0.00021063099720908252,1.0
2,-3202790975708511168,1,0,RandomForestClassifier,-1.1168246413581548,-0.9732872723278492,-0.8994244033864196,1.0
2,-3202790975708511168,1,1,RandomForestClassifier,-0.19500641338025923,-0.09967624899322593,-0.0006324640995748476,1.0
2,3722421417960290085,0,0,RandomForestClassifier,-0.6654761892037677,-0.34267282781695446,-0.0012915670218103248,1.0
2,3722421417960290085,0,1,RandomForestClassifier,-2.83830128130758,-2.6135767953321163,-2.5163286898968984,1.0
2,3986633746285301165,0,0,RandomForestClassifier,-0.2542782222707814,-0.1386226539544936,-0.0018229507430849168,1.0
2,3986633746285301165,0,1,RandomForestClassifier,-1.0599960391214702,-0.9247063656444228,-0.5998201796814635,1.0
2,7201927549319644968,1,0,RandomForestClassifier,-0.3542778941697506,-0.21298412749931975,-0.11874886532954149,1.0
2,7201927549319644968,1,1,RandomForestClassifier,-0.19011744769252684,-0.09140862782695953,-0.0003349354547964589,1.0
2,-306816251174643923,0,0,RandomForestClassifier,-0.24297577950645705,-0.12573901161884882,-0.0035203367025069543,1.0
2,-306816251174643923,0,1,RandomForestClassifier,-0.5799164021210641,-0.3978897656265729,-0.18117231733130001,1.0
2,-8831345221221541584,1,0,RandomForestClassifier,-2.2367879816128027,-1.9002259843522973,-0.8412605198048271,1.0
2,-8831345221221541584,1,1,RandomForestClassifier,-0.43567048810210784,-0.2212893978452995,-0.0023825806408646066,1.0
2,-7564929819603504193,1,0,RandomForestClassifier,-1.6777881156532322,-1.2939375861385762,-0.2974439388588737,1.0
2,-7564929819603504193,1,1,RandomForestClassifier,-0.3074377401546928,-0.16939950666957515,-0.0003784435402167663,1.0
2,-2282893715063036880,1,0,RandomForestClassifier,-0.9890860516877804,-0.6773961910779718,-0.2790795629263413,1.0
2,-2282893715063036880,1,1,RandomForestClassifier,-0.2302598500742422,-0.11942045931099549,-7.573063654797707e-05,1.0
2,4649448682945925248,1,0,RandomForestClassifier,-1.1401732130262403,-0.8634436730129702,-0.4367337606780607,1.0
2,4649448682945925248,1,1,RandomForestClassifier,-0.3388475888724027,-0.17455699461561702,-0.0035325582584711576,1.0
2,-5127282388684841568,0,0,RandomForestClassifier,-0.19366408125025303,-0.10012083466404219,-0.0005202263885883962,1.0
2,-5127282388684841568,0,1,RandomForestClassifier,-0.8047588248906657,-0.5676644505940157,-0.43520663420388983,1.0
2,-2553827169339776703,0,0,RandomForestClassifier,-0.26816265929476385,-0.14113112644771442,-0.0020109308363895906,1.0
2,-2553827169339776703,0,1,RandomForestClassifier,-1.5257110771809606,-1.3963987077875986,-0.8679228263861212,1.0
2,7169608800922729972,1,0,RandomForestClassifier,-1.260199940499195,-1.1453022180788643,-1.0672501962803056,1.0
2,7169608800922729972,1,1,RandomForestClassifier,-0.22384562718316822,-0.12223224309038762,-0.0025442428873319045,1.0
2,7490007655739435107,1,0,RandomForestClassifier,-0.6404895825470297,-0.45418122381419684,-0.25911021404526335,1.0
2,7490007655739435107,1,1,RandomForestClassifier,-0.18733416471905362,-0.09617928976115382,-0.0003817724729209271,1.0
3,5718440536627479400,0,0,SVC,-0.21836225833711675,-0.11295175766645037,-0.0023525679766500662,1.0
3,5718440536627479400,0,1,SVC,-0.9751656046941174,-0.863090401413018,-0.7707066297726061,1.0
3,5344462483518133017,1,0,SVC,-0.9130832835681922,-0.8198680542124958,-0.7524278174767033,1.0
3,5344462483518133017,1,1,SVC,-0.20091154181201287,-0.10688490476650313,-0.0021445392478045555,1.0
3,-4834957035708752123,0,0,SVC,-0.21252330816690573,-0.10974925324718486,-0.0006014891241232778,1.0
3,-4834957035708752123,0,1,SVC,-0.9713830022074829,-0.8476743320664321,-0.7503241896144106,1.0
3,-1690227435901082832,0,0,SVC,-0.22197197892454432,-0.11302480765515792,-0.0004805364393460909,1.0
3,-1690227435901082832,0,1,SVC,-0.9172570543813489,-0.7942217149426979,-0.6822667667093074,1.0
3,2507706034682179345,1,0,SVC,-1.3612782687636171,-1.2730715614766963,-1.2077536961252786,1.0
3,2507706034682179345,1,1,SVC,-0.24243565589488336,-0.13049782684254282,-0.0009230400681888851,1.0
3,-5634655107287195442,0,0,SVC,-0.2666655529850376,-0.13242553853523895,-0.0006580229043944286,1.0
3,-5634655107287195442,0,1,SVC,-0.8599087525724786,-0.6440111199696293,-0.4272857777607413,1.0
3,-3405669452028797986,0,0,SVC,-0.17533485069882115,-0.09422919312995486,-0.004339921103724609,1.0
3,-3405669452028797986,0,1,SVC,-0.5231250859245227,-0.4227503267649706,-0.3303211090529218,1.0
3,-1616290043250498341,1,0,SVC,-1.1448118074962297,-1.0407577410732685,-0.9618004453613983,1.0
3,-1616290043250498341,1,1,SVC,-0.22030379553580515,-0.11717177982695326,-0.0003423898746421905,1.0
3,-6243971746172899377,0,0,SVC,-0.3000136722323259,-0.16173340910605474,-0.004882459668673844,1.0
3,-6243971746172899377,0,1,SVC,-1.2599710925325334,-1.1498640809880056,-1.0370115892402032,1.0
3,-265888892704778138,1,0,SVC,-1.253001594720815,-1.1542818964418244,-1.0688260569296129,1.0
3,-265888892704778138,1,1,SVC,-0.260046163209691,-0.13706323867712153,-0.0016853593627593755,1.0
3,-3362487637621863111,0,0,SVC,-0.20875587443615862,-0.11006023357637519,-0.0005609380144636633,1.0
3,-3362487637621863111,0,1,SVC,-1.085691740086821,-0.9920175494092184,-0.9225964468622597,1.0
3,890775057078542595,1,0,SVC,-1.6217071336075843,-1.5915698700064413,-1.5692982967775073,1.0
3,890775057078542595,1,1,SVC,-0.27967788029067936,-0.14594552907959366,-0.0006421154293100306,1.0
3,3808250064710327554,1,0,SVC,-0.9785917205045751,-0.7924897119198631,-0.630432449687015,1.0
3,3808250064710327554,1,1,SVC,-0.2815888846300539,-0.147385821033255,-6.995069646509311e-05,1.0
3,5236825750894598462,0,0,SVC,-0.2216729706371677,-0.11536427788385535,-0.0013542926283948709,1.0
3,5236825750894598462,0,1,SVC,-1.4570010219719878,-1.3886362602076892,-1.3412535935534347,1.0
3,-2935380266653431256,1,0,SVC,-1.9446423008285647,-1.9006381503900043,-1.8606008816820974,1.0
3,-2935380266653431256,1,1,SVC,-0.3417569251898796,-0.17589404807874376,-0.0012596468651373538,1.0
3,-5546535336741780481,1,0,SVC,-1.3948651909193064,-1.297780847913064,-1.2221365916534854,1.0
3,-5546535336741780481,1,1,SVC,-0.2654231020365505,-0.14778494643763596,-0.001954574710002044,1.0
3,-7750457394872725472,0,0,SVC,-0.1890841433857898,-0.09967689351045958,-0.0007046622681907699,1.0
3,-7750457394872725472,0,1,SVC,-1.2351895900344771,-1.1578948010229886,-1.1010494510804685,1.0
3,-7609514024672556391,0,0,SVC,-0.22991791339421377,-0.11594002886643238,-0.0007584808302496526,1.0
3,-7609514024672556391,0,1,SVC,-0.9658257657275188,-0.8562958844191366,-0.7598950470289545,1.0
3,2149314452514004932,1,0,SVC,-0.8417955641192871,-0.6239183984569394,-0.38427017162089355,1.0
3,2149314452514004932,1,1,SVC,-0.2961806406339021,-0.15088531633492588,-3.1704913820096436e-05,1.0
3,4555981561464994102,0,0,SVC,-0.1984110432718752,-0.10484057855727136,-0.0007335974667799228,1.0
3,4555981561464994102,0,1,SVC,-1.0466271744409097,-0.9669999716721075,-0.8970978454696895,1.0
3,1850929355102777660,1,0,SVC,-1.312393510024432,-1.2383624035149645,-1.1728885090994448,1.0
3,1850929355102777660,1,1,SVC,-0.22975562092860535,-0.12246663096312842,-0.0007030661579550124,1.0
3,-6291879227102126736,1,0,SVC,-0.7690126762891516,-0.709312184883235,-0.6684760842937216,1.0
3,-6291879227102126736,1,1,SVC,-0.16486645511633752,-0.08844477013694843,-0.0007437143737301088,1.0
3,2574731955646207327,0,0,SVC,-0.20865912359175354,-0.10388930538516132,-0.000525849690875102,1.0
3,2574731955646207327,0,1,SVC,-0.8583167093801151,-0.7345236570435376,-0.6319918733856157,1.0
3,-3111884715408026411,0,0,SVC,-0.2855390521712685,-0.15057796559288603,-0.0005767472090089099,1.0
3,-3111884715408026411,0,1,SVC,-1.6705905635575833,-1.614272976782594,-1.5549953897904507,1.0
3,-2581922687147034160,1,0,SVC,-0.9880043257786624,-0.8679465754914819,-0.7657486145064427,1.0
3,-2581922687147034160,1,1,SVC,-0.2203207559175917,-0.11222397881184999,-0.0003896812293606722,1.0
3,-3628348227274692160,0,0,SVC,-0.3233722455687737,-0.16825965445054097,-0.001279781805513025,1.0
3,-3628348227274692160,0,1,SVC,-1.4063124944907452,-1.2599735308445323,-1.0954783345414096,1.0
3,-1879110208421181968,1,0,SVC,-1.1387610981241396,-1.0359271021020993,-0.9388814004362758,1.0
3,-1879110208421181968,1,1,SVC,-0.24137679194326517,-0.12899802737175178,-0.00018428113093404974,1.0
3,7688469813466237002,0,0,SVC,-0.2100453990927525,-0.1098527934356761,-0.00011307613359878843,1.0
3,7688469813466237002,0,1,SVC,-1.3234252574666472,-1.2056506649517287,-1.1078715746217498,1.0
3,5310882482866508602,0,0,SVC,-0.2364523943421768,-0.12908761358456985,-0.00328510208467625,1.0
3,5310882482866508602,0,1,SVC,-0.9260980689065518,-0.8303149350091783,-0.7448890260112195,1.0
3,7834741552958342870,0,0,SVC,-0.34990623595043235,-0.1854892647172463,-0.0008609815353701755,1.0
3,7834741552958342870,0,1,SVC,-1.402630398564322,-1.2191800530658183,-1.033433915657093,1.0
3,5718440536627479400,0,0,MLPClassifier,-0.2206046512213783,-0.11452736435602436,-0.0009096275492672667,1.0
3,5718440536627479400,0,1,MLPClassifier,-0.9977411887397973,-0.8667730907282607,-0.7718063210308266,1.0
3,5344462483518133017,1,0,MLPClassifier,-0.8331205824890624,-0.7597293285329701,-0.7063005047818968,1.0
3,5344462483518133017,1,1,MLPClassifier,-0.20291308123127408,-0.1055367302606644,-0.0011193259346404805,1.0
3,-4834957035708752123,0,0,MLPClassifier,-0.21604383246971304,-0.1135607982960159,-0.00015432129707715347,1.0
3,-4834957035708752123,0,1,MLPClassifier,-1.0190356224876655,-0.8666630671308017,-0.7552536513324268,1.0
3,-1690227435901082832,0,0,MLPClassifier,-0.2253864843737552,-0.11376696643693149,-0.0006937211760849049,1.0
3,-1690227435901082832,0,1,MLPClassifier,-0.9757689002859378,-0.8022478116935136,-0.6628850764034293,1.0
3,2507706034682179345,1,0,MLPClassifier,-1.252283137633465,-1.1801607356986314,-1.1199936104584547,1.0
3,2507706034682179345,1,1,MLPClassifier,-0.23520016723263598,-0.12741663854547222,-0.0007175367909082464,1.0
3,-5634655107287195442,0,0,MLPClassifier,-0.3144566993700167,-0.13770730146719817,-0.000156545942371078,1.0
3,-5634655107287195442,0,1,MLPClassifier,-0.6397812487754291,-0.4065394355122487,-0.19115927477904532,1.0
3,-3405669452028797986,0,0,MLPClassifier,-0.16779859096781685,-0.08883144291500009,-0.0009603503083972509,1.0
3,-3405669452028797986,0,1,MLPClassifier,-0.5780162930353634,-0.46504109245995967,-0.3836203453641401,1.0
3,-1616290043250498341,1,0,MLPClassifier,-1.0629687687289717,-0.9759433710968319,-0.9037279011289393,1.0
3,-1616290043250498341,1,1,MLPClassifier,-0.2300992217682043,-0.12594569658347082,-0.0003423898746421905,1.0
3,-6243971746172899377,0,0,MLPClassifier,-0.3019675154171628,-0.1596644284577438,-0.004882459668673844,1.0
3,-6243971746172899377,0,1,MLPClassifier,-1.2019220268807764,-1.0471174797330316,-0.9200843841933362,1.0
3,-265888892704778138,1,0,MLPClassifier,-1.177837800571511,-1.0953847079831578,-1.0229362736840717,1.0
3,-265888892704778138,1,1,MLPClassifier,-0.2755930069348539,-0.14458563534348218,-0.0016853593627593755,1.0
3,-3362487637621863111,0,0,MLPClassifier,-0.21991547155028057,-0.1180438464339413,-0.0034681367866012947,1.0
3,-3362487637621863111,0,1,MLPClassifier,-1.1909127534204125,-1.0944178669232247,-1.0395309115656044,1.0
3,890775057078542595,1,0,MLPClassifier,-1.5359977035979062,-1.4831362548079805,-1.4441574368968497,1.0
3,890775057078542595,1,1,MLPClassifier,-0.27983205289232194,-0.14780208241057652,-0.002449806833692225,1.0
3,3808250064710327554,1,0,MLPClassifier,-1.0165165619278704,-0.8796315388813832,-0.7557218802837137,1.0
3,3808250064710327554,1,1,MLPClassifier,-0.26565437574977013,-0.13702160315158374,-6.995069646509311e-05,1.0
3,5236825750894598462,0,0,MLPClassifier,-0.2145789982094472,-0.11074430444796006,-0.0013542926283948709,1.0
3,5236825750894598462,0,1,MLPClassifier,-1.510822110627418,-1.4804481050037817,-1.463591397980987,1.0
3,-2935380266653431256,1,0,MLPClassifier,-1.8367548270460443,-1.7863552097023325,-1.7481780365015747,1.0
3,-2935380266653431256,1,1,MLPClassifier,-0.35668400738207034,-0.19054692451822944,-0.002285274617286781,1.0
3,-5546535336741780481,1,0,MLPClassifier,-1.283052647810667,-1.212495328427397,-1.1534469732618409,1.0
3,-5546535336741780481,1,1,MLPClassifier,-0.2769365984422715,-0.15568404635892688,-0.0028854040138659443,1.0
3,-7750457394872725472,0,0,MLPClassifier,-0.19500127733495778,-0.097406190468284,-0.0006319802223816173,1.0
3,-7750457394872725472,0,1,MLPClassifier,-1.2747951063980922,-1.2416057753374303,-1.2220984215121624,1.0
3,-7609514024672556391,0,0,MLPClassifier,-0.2298036126481955,-0.11513835125045722,-0.00016228521986216826,1.0
3,-7609514024672556391,0,1,MLPClassifier,-1.0092935572776423,-0.8656234945786109,-0.7599281503875817,1.0
3,2149314452514004932,1,0,MLPClassifier,-0.9332709608262743,-0.7512490703114117,-0.5940401516201,1.0
3,2149314452514004932,1,1,MLPClassifier,-0.2815426740643187,-0.1432073664104571,-3.1704913820096436e-05,1.0
3,4555981561464994102,0,0,MLPClassifier,-0.20866594305525799,-0.11441381347538732,-0.0005749670693533382,1.0
3,4555981561464994102,0,1,MLPClassifier,-1.172497965902095,-1.0736518666429817,-1.0054100481934352,1.0
3,1850929355102777660,1,0,MLPClassifier,-1.233712919475472,-1.1653566169875744,-1.1166708336346607,1.0
3,1850929355102777660,1,1,MLPClassifier,-0.23231375396455944,-0.12577280909078653,-0.0007030661579550124,1.0
3,-6291879227102126736,1,0,MLPClassifier,-0.7100090430056054,-0.6200003596147426,-0.542383458730505,1.0
3,-6291879227102126736,1,1,MLPClassifier,-0.16953813530871847,-0.09477540588269098,-0.0015412141319696704,1.0
3,2574731955646207327,0,0,MLPClassifier,-0.21099138453793873,-0.10654850325342016,-0.000525849690875102,1.0
3,2574731955646207327,0,1,MLPClassifier,-0.8959606572771509,-0.7429758211018144,-0.6294793518514299,1.0
3,-3111884715408026411,0,0,MLPClassifier,-0.27086771461925574,-0.1412219519180802,-0.0005767472090089099,1.0
3,-3111884715408026411,0,1,MLPClassifier,-1.722281910951106,-1.6419098796567486,-1.5869554601310099,1.0
3,-2581922687147034160,1,0,MLPClassifier,-0.9420408433146881,-0.8312825709681105,-0.738020247358656,1.0
3,-2581922687147034160,1,1,MLPClassifier,-0.20388796767672224,-0.1070315760393513,-0.0012554081128803851,1.0
3,-3628348227274692160,0,0,MLPClassifier,-0.31841513812487143,-0.1688153919062929,-0.001279781805513025,1.0
3,-3628348227274692160,0,1,MLPClassifier,-1.2448292396476033,-1.0600949019884578,-0.9009781506369698,1.0
3,-1879110208421181968,1,0,MLPClassifier,-1.046281544131768,-0.9664458561707454,-0.9023968880851919,1.0
3,-1879110208421181968,1,1,MLPClassifier,-0.22404851239611423,-0.11940839000599653,-0.00018428113093404974,1.0
3,7688469813466237002,0,0,MLPClassifier,-0.21328172251151312,-0.11061786140069424,-0.00011307613359878843,1.0
3,7688469813466237002,0,1,MLPClassifier,-1.369396138131409,-1.2853210768437349,-1.232795386639917,1.0
3,5310882482866508602,0,0,MLPClassifier,-0.22901582515909688,-0.12262168276614421,-0.0015445933726039307,1.0
3,5310882482866508602,0,1,MLPClassifier,-0.9130876484439228,-0.7931759092436899,-0.6943503289820689,1.0
3,7834741552958342870,0,0,MLPClassifier,-0.3724042101989666,-0.19959872372601392,-0.0008609815353701755,1.0
3,7834741552958342870,0,1,MLPClassifier,-1.1946075362252513,-0.9639119407415602,-0.7426237516338032,1.0
3,5718440536627479400,0,0,RandomForestClassifier,-0.2235549998784394,-0.11289814819179693,-0.0023525679766500662,1.0
3,5718440536627479400,0,1,RandomForestClassifier,-0.7100376424838347,-0.5674127448025592,-0.42631470972502244,1.0
3,5344462483518133017,1,0,RandomForestClassifier,-1.1492722141653975,-1.1064410655960428,-1.0763174492370646,1.0
3,5344462483518133017,1,1,RandomForestClassifier,-0.19104941650023888,-0.10061293743736544,-0.0021445392478045555,1.0
3,-4834957035708752123,0,0,RandomForestClassifier,-0.2107955112147496,-0.10973408353178377,-0.0006014891241232778,1.0
3,-4834957035708752123,0,1,RandomForestClassifier,-0.7022937111048786,-0.550641410225911,-0.41090756604132794,1.0
3,-1690227435901082832,0,0,RandomForestClassifier,-0.22226273953009987,-0.11605982960316248,-0.0024936426896926545,1.0
3,-1690227435901082832,0,1,RandomForestClassifier,-0.6248760791266743,-0.487039253713639,-0.3485328601264336,1.0
3,2507706034682179345,1,0,RandomForestClassifier,-1.5551336693312596,-1.5154778114027885,-1.4879112500228435,1.0
3,2507706034682179345,1,1,RandomForestClassifier,-0.23621416124450045,-0.1306625233784749,-0.0014965947976919303,1.0
3,-5634655107287195442,1,0,RandomForestClassifier,-0.5959898526916172,-0.3581874452630212,-0.14131505660755556,1.0
3,-5634655107287195442,1,1,RandomForestClassifier,-0.31760063062360433,-0.14271277910029181,-0.0006106801364192949,1.0
3,-3405669452028797986,0,0,RandomForestClassifier,-0.2246548470391251,-0.11313495328850404,-0.0014349941816477196,1.0
3,-3405669452028797986,0,1,RandomForestClassifier,-0.2620598557224809,-0.1425391023241056,-0.012996469610562167,1.0
3,-1616290043250498341,1,0,RandomForestClassifier,-1.353580947476306,-1.299456515414554,-1.2572616021437688,1.0
3,-1616290043250498341,1,1,RandomForestClassifier,-0.22848224995753968,-0.1253159864253029,-0.0003423898746421905,1.0
3,-6243971746172899377,0,0,RandomForestClassifier,-0.28390999938920636,-0.15711155896985837,-0.002061727584182327,1.0
3,-6243971746172899377,0,1,RandomForestClassifier,-0.8440399360344826,-0.7098504638961849,-0.5878796247543614,1.0
3,-265888892704778138,1,0,RandomForestClassifier,-1.4956375583866939,-1.426412572852223,-1.3420163340041484,1.0
3,-265888892704778138,1,1,RandomForestClassifier,-0.23785684553023284,-0.1254545023810648,-0.0016853593627593755,1.0
3,-3362487637621863111,0,0,RandomForestClassifier,-0.20666399897489918,-0.11259795084446955,-0.0031467694183587858,1.0
3,-3362487637621863111,0,1,RandomForestClassifier,-0.7822988707936036,-0.7127286331131175,-0.6655973325095803,1.0
3,890775057078542595,1,0,RandomForestClassifier,-1.8791829407740839,-1.8458375847333273,-1.8246665837169271,1.0
3,890775057078542595,1,1,RandomForestClassifier,-0.27749352940467004,-0.1481174197335855,-0.0006421154293100306,1.0
3,3808250064710327554,1,0,RandomForestClassifier,-1.2895259411435824,-1.175867485360622,-1.0902536194783496,1.0
3,3808250064710327554,1,1,RandomForestClassifier,-0.2801671775286978,-0.1425629352458846,-0.0024537063979441776,1.0
3,5236825750894598462,0,0,RandomForestClassifier,-0.22489246816955938,-0.1128607424034429,-0.0006434817759002343,1.0
3,5236825750894598462,0,1,RandomForestClassifier,-1.1405495754411654,-1.0999147045347841,-1.0763917284643616,1.0
3,-2935380266653431256,1,0,RandomForestClassifier,-2.179043619887682,-2.1479363438708994,-2.1248050151415443,1.0
3,-2935380266653431256,1,1,RandomForestClassifier,-0.3608505879550657,-0.1898395620459828,-0.002285274617286781,1.0
3,-5546535336741780481,1,0,RandomForestClassifier,-1.6021773009281155,-1.5526164573608032,-1.511036821096033,1.0
3,-5546535336741780481,1,1,RandomForestClassifier,-0.2595523485344545,-0.14577129575316766,-0.0028854040138659443,1.0
3,-7750457394872725472,0,0,RandomForestClassifier,-0.1985601585313936,-0.0977140816633807,-0.0008695562965217452,1.0
3,-7750457394872725472,0,1,RandomForestClassifier,-0.9217917575188018,-0.8672856383279911,-0.8348987519955371,1.0
3,-7609514024672556391,0,0,RandomForestClassifier,-0.21396120569592858,-0.10491875809415446,-0.0007584808302496526,1.0
3,-7609514024672556391,0,1,RandomForestClassifier,-0.7004317682721651,-0.5623485348616143,-0.4170625486198146,1.0
3,2149314452514004932,1,0,RandomForestClassifier,-1.2103942184934449,-1.0504340326360415,-0.924831570522659,1.0
3,2149314452514004932,1,1,RandomForestClassifier,-0.300932208693163,-0.1569988731569522,-3.1704913820096436e-05,1.0
3,4555981561464994102,0,0,RandomForestClassifier,-0.19904538733396304,-0.10735755402055443,-0.0005749670693533382,1.0
3,4555981561464994102,0,1,RandomForestClassifier,-0.7664312410311143,-0.6910510964463429,-0.6352165512457184,1.0
3,1850929355102777660,1,0,RandomForestClassifier,-1.5477437467184836,-1.5150665616576962,-1.4923817601977216,1.0
3,1850929355102777660,1,1,RandomForestClassifier,-0.2387136455475265,-0.13180007482492656,-0.0007030661579550124,1.0
3,-6291879227102126736,1,0,RandomForestClassifier,-1.0077287759741629,-0.9596165242762156,-0.9238801514208294,1.0
3,-6291879227102126736,1,1,RandomForestClassifier,-0.17008597615961701,-0.09568375071750945,-0.0015412141319696704,1.0
3,2574731955646207327,0,0,RandomForestClassifier,-0.1968331534398846,-0.09663613410180634,-0.002020697906268465,1.0
3,2574731955646207327,0,1,RandomForestClassifier,-0.6170603598874965,-0.4530682984233185,-0.285133266560331,1.0
3,-3111884715408026411,0,0,RandomForestClassifier,-0.26979718970008504,-0.1431590895629986,-0.0005767472090089099,1.0
3,-3111884715408026411,0,1,RandomForestClassifier,-1.3077148031055483,-1.2583693863688508,-1.2245194699942772,1.0
3,-2581922687147034160,1,0,RandomForestClassifier,-1.2083441734284075,-1.133240168530521,-1.0336256395766592,1.0
3,-2581922687147034160,1,1,RandomForestClassifier,-0.2263937553323001,-0.11806267153788691,-0.0018580192410622143,1.0
3,-3628348227274692160,0,0,RandomForestClassifier,-0.3072240564754141,-0.16039706263966053,-0.00025868400427531135,1.0
3,-3628348227274692160,0,1,RandomForestClassifier,-0.9099631673598062,-0.7380842437232039,-0.574021248865713,1.0
3,-1879110208421181968,1,0,RandomForestClassifier,-1.411277656904592,-1.3207317489754036,-1.2170843070929227,1.0
3,-1879110208421181968,1,1,RandomForestClassifier,-0.2360735743925392,-0.12709666994674837,-0.00018428113093404974,1.0
3,7688469813466237002,0,0,RandomForestClassifier,-0.219990522346786,-0.11359441131440189,-0.00011307613359878843,1.0
3,7688469813466237002,0,1,RandomForestClassifier,-0.9491586992088048,-0.8941365582304329,-0.8558486697504943,1.0
3,5310882482866508602,0,0,RandomForestClassifier,-0.23313171706498675,-0.127549147716379,-0.00328510208467625,1.0
3,5310882482866508602,0,1,RandomForestClassifier,-0.5583579224908498,-0.4454466060167579,-0.35000424369097005,1.0
3,7834741552958342870,0,0,RandomForestClassifier,-0.3505470574478904,-0.18374824636924053,-0.0008609815353701755,1.0
3,7834741552958342870,0,1,RandomForestClassifier,-0.8515098858415525,-0.6368887760341047,-0.4173497623465885,1.0
